frameTime,meanFrameTumorCells,sdFrameTumorCells,meanNecrotic,sdNecrotic,meanQuiescent,sdQuiescent,meanProliferative2,sdProliferative2,meanHypoxic,sdHypoxic,meanApoptotic,sdApoptotic,meanProliferative1,sdProliferative1,meanNormoxic,sdNormoxic,meanMigrate,sdMigrate,meanKilled,sdKilled
0,4,0,0,0,2,0,2,0,0,0,0,0,0,0,723,0,0,0,0,0
1,4,0,0,0,2,0,2,0,0,0,0,0,0,0,708,0,0,0,0,0
2,4,0,0,0,2,0,2,0,0,0,0,0,0,0,696,0,0,0,0,0
3,4,0,0,0,2,0,2,0,0,0,0,0,0,0,688,0,0,0,0,0
4,4,0,0,0,2,0,2,0,0,0,0,0,0,0,682,0,0,0,0,0
5,4,0,0,0,2,0,2,0,0,0,0,0,0,0,676,0,0,0,0,0
6,4,0,0,0,2,0,2,0,0,0,0,0,0,0,670,0,0,0,0,0
7,4,0,0,0,2,0,2,0,0,0,0,0,0,0,664,0,0,0,0,0
8,4,0,0,0,2,0,2,0,0,0,0,0,0,0,659,0,0,0,0,0
9,6,0,0,0,2,0,0,0,0,0,0,0,4,0,655.9,0.316228,0,0,0,0
10,6,0,0,0,2,0,0,0,0,0,0,0,4,0,652,0,0,0,0,0
11,6,0,0,0,2,0,0,0,0,0,0,0,4,0,647,0,0,0,0,0
12,6,0,0,0,2,0,0,0,0,0,0,0,4,0,644.8,0.421637,0,0,0,0
13,6,0,0,0,2,0,0,0,0,0,0,0,4,0,640.8,0.632456,0,0,0,0
14,6,0,0,0,2,0,0,0,0,0,0,0,4,0,635.4,0.699206,0,0,0,0
15,6,0,0,0,2,0,0,0,0,0,0,0,4,0,632.2,0.632456,0,0,0,0
16,6,0,0,0,2,0,0,0,0,0,0,0,4,0,629.9,0.316228,0,0,0,0
17,6,0,0,0,2,0,0,0,0,0,0,0,4,0,628.8,0.632456,0,0,0,0
18,6,0,0,0,6,0,0,0,0,0,0,0,0,0,626,0,0,0,0,0
19,6,0,0,0,6,0,0,0,0,0,0,0,0,0,625.6,0.516398,0,0,0,0
20,6,0,0,0,6,0,0,0,0,0,0,0,0,0,623.4,0.699206,0,0,0,0
21,6,0,0,0,5.8,0.421637,0.2,0.421637,0,0,0,0,0,0,621.6,0.843274,0,0,0,0
22,6,0,0,0,5.8,0.421637,0.2,0.421637,0,0,0,0,0,0,619.4,0.516398,0,0,0,0
23,6,0,0,0,5.6,0.516398,0.4,0.516398,0,0,0,0,0,0,616.7,0.674949,0,0,0,0
24,6,0,0,0,5.5,0.527046,0.5,0.527046,0,0,0,0,0,0,614.5,0.971825,0,0,0,0
25,6,0,0,0,5.5,0.527046,0.5,0.527046,0,0,0,0,0,0,612.7,0.483046,0,0,0,0
26,6,0,0,0,5.5,0.527046,0.5,0.527046,0,0,0,0,0,0,609.7,0.483046,0,0,0,0
27,6,0,0,0,5.5,0.527046,0.5,0.527046,0,0,0,0,0,0,608.6,0.516398,0,0,0,0
28,6,0,0,0,5.5,0.527046,0.5,0.527046,0,0,0,0,0,0,606.8,0.421637,0,0,0,0
29,6,0,0,0,5.3,0.823273,0.7,0.823273,0,0,0,0,0,0,605.6,1.26491,0,0,0,0
30,6.2,0.421637,0,0,5.3,0.823273,0.5,0.707107,0,0,0,0,0.4,0.843274,603.3,0.948683,0,0,0,0
31,6.2,0.421637,0,0,5.2,0.788811,0.6,0.699206,0,0,0,0,0.4,0.843274,600.6,0.516398,0,0,0,0
32,6.4,0.516398,0,0,5.1,0.737865,0.5,0.527046,0,0,0,0,0.8,1.0328,597.8,1.22927,0,0,0,0
33,6.5,0.527046,0,0,5.1,0.737865,0.4,0.516398,0,0,0,0,1,1.05409,597.2,1.13529,0,0,0,0
34,6.5,0.527046,0,0,5,0.816497,0.5,0.527046,0,0,0,0,1,1.05409,595.8,1.22927,0,0,0,0
35,6.5,0.527046,0,0,5,0.816497,0.5,0.527046,0,0,0,0,1,1.05409,595.3,0.674949,0,0,0,0
36,6.5,0.527046,0,0,5,0.816497,0.5,0.527046,0,0,0,0,1,1.05409,594.5,0.527046,0,0,0,0
37,6.5,0.527046,0,0,5,0.816497,0.5,0.527046,0,0,0,0,1,1.05409,593.1,0.737865,0,0,0,0
38,6.7,0.823273,0,0,5,0.816497,0.3,0.483046,0,0,0,0,1.4,1.64655,591.3,0.948683,0,0,0,0
39,6.7,0.823273,0,0,5.4,0.699206,0.3,0.483046,0,0,0,0,1,1.41421,590.3,1.1595,0,0,0,0
40,6.8,0.788811,0,0,5.4,0.699206,0.2,0.421637,0,0,0,0,1.2,1.39841,588.6,0.699206,0,0,0,0
41,6.9,0.737865,0,0,5.8,0.632456,0.1,0.316228,0,0,0,0,1,1.05409,587,0.942809,0,0,0,0
42,6.9,0.737865,0,0,6,0.666667,0.1,0.316228,0,0,0,0,0.8,1.0328,586,1.05409,0,0,0,0
43,7,0.816497,0,0,5.7,0.823273,0.2,0.421637,0,0,0.1,0.316228,1,1.05409,585.3,1.05935,0,0,0,0
44,7,0.816497,0,0,5.6,0.843274,0.3,0.483046,0,0,0.1,0.316228,1,1.05409,584.6,1.42984,0,0,0,0
45,7,0.816497,0,0,5.3,1.05935,0.6,0.699206,0,0,0.1,0.316228,1,1.05409,583.9,1.66333,0,0,0,0
46,7,0.816497,0,0,5.1,1.28668,0.8,0.918937,0,0,0.1,0.316228,1,1.05409,582.8,2.14994,0,0,0,0
47,7,0.816497,0,0,5.2,1.61933,1.1,1.19722,0,0,0.1,0.316228,0.6,0.966092,582.3,2.66875,0,0,0,0
48,7,0.816497,0,0,5,1.69967,1.3,1.33749,0,0,0.1,0.316228,0.6,0.966092,581.1,2.68535,0,0,0,0
49,7,0.816497,0,0,5.1,1.37032,1.4,1.3499,0,0,0.1,0.316228,0.4,0.843274,580.2,2.85968,0,0,0,0
50,7,0.816497,0,0,5.2,1.39841,1.5,1.35401,0,0,0.1,0.316228,0.2,0.632456,579.3,2.98329,0,0,0,0
51,7,0.816497,0,0,5,1.49071,1.7,1.49443,0,0,0.1,0.316228,0.2,0.632456,578.4,2.75681,0,0,0,0
52,7.1,0.567646,0,0,5,1.63299,1.7,1.33749,0,0,0,0,0.4,0.843274,578,3.01846,0,0,0,0
53,7.2,0.788811,0,0,5,1.63299,1.6,1.3499,0,0,0,0,0.6,0.966092,576.7,2.66875,0,0,0,0
54,7.5,0.971825,0,0,4.7,1.63639,1.6,0.843274,0,0,0,0,1.2,1.39841,575.5,3.17105,0,0,0,0
55,7.7,1.25167,0,0,4.7,1.63639,1.4,0.843274,0,0,0,0,1.6,1.83787,574.3,2.62679,0,0,0,0
56,8,1.41421,0,0,4.6,1.57762,1.2,0.788811,0,0,0,0,2.2,2.39444,573,1.33333,0,0,0,0
57,8.2,1.47573,0,0,4.6,1.57762,1,0.816497,0,0,0,0,2.6,2.67499,571.9,0.875595,0,0,0,0
58,8.3,1.49443,0,0,3.7,1.25167,1.8,1.31656,0,0,0,0,2.8,2.69979,571.2,0.918937,0,0,0,0
59,8.4,1.57762,0,0,3.7,1.25167,1.7,1.1595,0,0,0,0,3,2.70801,570.9,0.875595,0,0,0,0
60,8.6,1.7127,0,0,3.5,1.43372,1.7,1.33749,0,0,0,0,3.4,2.98887,570.7,1.05935,0,0,0,0
61,8.8,1.47573,0,0,3.7,1.05935,1.7,1.33749,0,0,0,0,3.4,2.67499,570.6,0.966092,0,0,0,0
62,8.8,1.47573,0,0,3.8,0.788811,1.8,1.39841,0,0,0,0,3.2,2.69979,570.4,1.07497,0,0,0,0
63,9.1,1.19722,0,0,4.4,1.3499,1.5,1.2693,0,0,0,0,3.2,1.68655,570.4,1.07497,0,0,0,0
64,9.1,1.19722,0,0,4.6,1.57762,1.7,1.25167,0,0,0,0,2.8,1.68655,570.2,1.31656,0,0,0,0
65,9.2,1.13529,0,0,5.1,1.72884,1.7,1.1595,0,0,0,0,2.4,1.57762,570.1,1.44914,0,0,0,0
66,9.2,1.13529,0,0,5.3,2.05751,1.9,1.19722,0,0,0,0,2,1.63299,569.9,1.52388,0,0,0,0
67,10.1,1.44914,0,0,5.4,2.36643,1.1,0.994429,0,0,0,0,3.6,2.63312,569.4,1.57762,0,0,0,0
68,10.1,1.44914,0,0,5.4,2.54733,1.3,1.05935,0,0,0,0,3.4,2319,569.1,1.59513,0,0,0,0
69,10.3,1.63639,0,0,5.7,2.66875,1.2,1.13529,0,0,0,0,3.4,2.67499,568.5,2.06828,0,0,0,0
70,10.5,1.77951,0,0,5.8,2.57337,1.3,1.05935,0,0,0,0,3.4,2.67499,568.1,1.72884,0,0,0,0
71,10.6,1.7127,0,0,5.4,2319,1.6,1.07497,0,0,0,0,3.6,2.79682,567.9,1.66333,0,0,0,0
72,10.6,1.7127,0,0,5.7,1.76698,1.9,1.1005,0,0,0,0,3,2.53859,567.7,1.76698,0,0,0,0
73,10.8,1.75119,0,0,5.4,1.50555,2,1.05409,0,0,0,0,3.4,2.50333,567.3,1.82878,0,0,0,0
74,10.9,1.72884,0,0,4.9,1.79196,2.6,1.57762,0,0,0,0,3.4,2319,567.1,1.85293,0,0,0,0
75,11.1,1.85293,0,0,4.2,1.81353,3.1,1.72884,0,0,0,0,3.8,2.39444,566.5,1.84089,0,0,0,0
76,11.2,1.75119,0,0,5.7,2.00278,3.3,2.16282,0,0,0,0,2.2,1.98886,566,1.56347,0,0,0,0
77,11.4,1.7127,0,0,4.8,1.93218,4,2.21108,0,0,0,0,2.6,2.1187,565.1,1.44914,0,0,0,0
78,11.5,1.84089,0,0,5,2.21108,4.1,2.23358,0,0,0,0,2.4,2.27058,564.5,1.50923,0,0,0,0
79,11.8,1.98886,0,0,5.4,2.06559,3.8,2.14994,0,0,0,0,2.6,2.1187,563.8,1.81353,0,0,0,0
80,12.2,1.98886,0,0,5.1,2.18327,3.9,2.18327,0,0,0,0,3.2,2.14994,562.9,1.59513,0,0,0,0
81,12.5,2.36878,0,0,4.7,2.05751,4,1.69967,0,0,0,0,3.8,2.20101,562.4,1.57762,0,0,0,0
82,12.8,2.25093,0,0,4.9,2.37814,3.9,1.52388,0,0,0,0,4,2.10819,562.2,1.68655,0,0,0,0
83,13.5,2.71825,0,0,4.8,2.29976,3.5,1.43372,0,0,0,0,5.2,3.15524,561.2,1.8738,0,0,0,0
84,14.2,2.78089,0,0,5.2,2.74064,2.8,1.68655,0,0,0,0,6.2,3.45768,560.7,2.16282,0,0,0,0
85,14.5,3.10018,0,0,5.1,2.37814,2.8,1.8738,0,0,0,0,6.6,4.32563,560.4,2.06559,0,0,0,0
86,15.4,3.06232,0,0,5.2,2.20101,2.2,1.31656,0,0,0,0,8,4.42217,560,2,0,0,0,0
87,15.6,2.91357,0,0,5.2,2.61619,2.2,1.13529,0,0,0,0,8.2,4.46716,559.6,2.36643,0,0,0,0
88,15.6,2.91357,0,0,5.5,2.54951,2.5,1.50923,0,0,0,0,7.6,4.29987,559,2.35702,0,0,0,0
89,16.1,2.80674,0,0,5.6,2.59058,2.7,1.49443,0,0,0,0,7.8,4.36654,558.6,2.41293,0,0,0,0
90,16.5,2.22361,0,0,6.1,2.55821,2.4,1.64655,0,0,0,0,8,3.39935,557.8,2.14994,0,0,0,0
91,16.7,2.05751,0,0,6.6,2.36643,2.3,1.63639,0,0,0,0,7.8,3.04777,557.3,2.31181,0,0,0,0
92,17,2.4037,0,0,8,3.29983,2,1.41421,0,0,0,0,7,2.86744,556.2,2.4404,0,0,0,0
93,17,2.4037,0,0,9,3.09121,2.4,1.3499,0,0,0,0,5.6,3.3731,556,2.26078,0,0,0,0
94,17.3,2.35938,0,0,9.1,3.69534,2.6,1.50555,0,0,0,0,5.6,3.74759,555.3,2.45176,0,0,0,0
95,17.6,2.67499,0,0,10.5,3.34166,2.7,1.70294,0,0,0,0,4.4,2.63312,554.9,2.42441,0,0,0,0
96,17.8,2.89828,0,0,10.3,2.71006,3.1,1.91195,0,0,0,0,4.4,2.27058,554.9,2.42441,0,0,0,0
97,18.1,2.92309,0,0,10,2.82843,3.1,2.13177,0,0,0,0,5,3.01846,554.4,2.1187,0,0,0,0
98,18.8,3.25918,0,0,10.6,2.45855,2.8,2.14994,0,0,0,0,5.4,2.98887,553.9,2.28279,0,0,0,0
99,18.9,3.31495,0,0,11.2,1.98886,2.9,1.91195,0,0,0,0,4.8,3.29309,553.5,2.06828,0,0,0,0
100,19,3.33333,0,0,11.4,2.06559,3,2,0,0,0,0,4.6,3.27278,553.5,2.06828,0,0,0,0
101,19,3.33333,0,0,11.6,1.95505,3.1,2.02485,0,0,0.3,0.483046,4,2.82843,553,1.69967,0,0,0,0
102,19.4,3.33999,0,0,10.9,2.13177,3.4,2.41293,0,0,0.3,0.483046,4.8,2.69979,552.7,1.63639,0,0,0,0
103,19.9,3.24722,0,0,11.2,2.34758,3.1,2.23358,0,0,0.4,0.516398,5.2,3.01109,552.5,1.71594,0,0,0,0
104,20.3,3.62246,0,0,11.8,2.57337,2.7,1.88856,0,0,0.4,0.516398,5.4,3.40588,551.9,1.91195,0,0,0,0
105,20.9,4.04008,0,0,11.5,3.34166,2.8,1.61933,0,0,0.4,0.516398,6.2,3.8239,551.7,1.88856,0,0,0,0
106,21.2,4.34102,0,0,11.8,2.97396,2.8,1.75119,0,0,0.4,0.516398,6.2,4.26354,551.1,1.96921,0,0,0,0
107,21.6,4.5753,0,0,13,3.26599,2.6,1.7127,0,0,0.4,0.516398,5.6,4.29987,550.6,1.83787,0,0,0,0
108,21.8,4.2374,0,0,12.9,3.21282,2.7,1.33749,0,0,0.4,0.516398,5.8,3.8239,550.3,2.05751,0,0,0,0
109,22,4.2947,0,0,13,3.26599,2.6,1.07497,0,0,0.4,0.516398,6,4,550.1,2.13177,0,0,0,0
110,21.8,4.56557,0,0,12.9,3.14289,2.6,1.07497,0,0,0.1,0.316228,6.2,4.04969,549.8,2.20101,0,0,0,0
111,22.5,5.27573,0,0,13.3,2.94581,2.3,1.33749,0,0,0.1,0.316228,6.8,4.82586,549.3,2.16282,0,0,0,0
112,22.6,5.25357,0,0,13.5,2.50555,2.9,1.1005,0,0,0,0,6.2,4.46716,549,2.3094,0,0,0,0
113,22.6,5.25357,0,0,13.8,3.19026,3.4,1.26491,0,0,0,0,5.4,3.77712,548.5,2.41523,0,0,0,0
114,23.3,4.64399,0,0,15,3.74166,2.7,1.70294,0,0,0,0,5.6,3.23866,548.4,2.41293,0,0,0,0
115,23.6,4.74225,0,0,15.1,4.14863,2.9,1.91195,0,0,0,0,5.6,3.50238,547.9,2.42441,0,0,0,0
116,23.8,4.91709,0,0,15.5,4.22295,3.1,1.91195,0,0,0,0,5.2,3.4254,547.4,2.71621,0,0,0,0
117,24.1,4.77144,0,0,15,3.4641,3.7,1.70294,0,0,0,0,5.4,2.67499,547.2,2.85968,0,0,0,0
118,24.2,4.58984,0,0,15.1,3.78447,3.9,2.23358,0,0,0,0,5.2,2.14994,546.9,3.31495,0,0,0,0
119,24.3,4.80856,0,0,15,3.8873,4.1,2.28279,0,0,0,0,5.2,2.14994,546.6,3.13404,0,0,0,0
120,24.7,5.05635,0,0,15.8,5.71159,4.3,2.00278,0,0,0,0,4.6,2.67499,546.6,3.13404,0,0,0,0
121,25.5,5.03874,0,0,15.4,5.75809,4.2,1.39841,0,0,0.1,0.316228,5.8,2.20101,546.4,3.30656,0,0,0,0
122,26,5.20683,0,0,14.8,6.06996,4.3,1.94651,0,0,0.1,0.316228,6.8,2.52982,545.5,3.37474,0,0,0,0
123,26,5.20683,0,0,15.3,5.22919,5.2,1.98886,0,0,0.1,0.316228,5.4,3.40588,545.4,3.3731,0,0,0,0
124,26.5,5.77831,0,0,15.5,5.62238,5.1,2.64365,0,0,0.1,0.316228,5.8,3.8239,545.3,3.16403,0,0,0,0
125,26.9,6.02679,0,0,15.5,5.79751,5.1,2.92309,0,0,0.1,0.316228,6.2,3.8239,544.9,3.41402,0,0,0,0
126,27.8,6.05163,0,0,15.8,5.09466,4.5,2.50555,0,0,0.1,0.316228,7.4,3.40588,544.1,3.10734,0,0,0,0
127,28.1,6.26188,0,0,15.7,5.16505,4.5,2.63523,0,0,0.1,0.316228,7.8,4.46716,543.7,3.05687,0,0,0,0
128,28.4,6.29285,0,0,15.3,5.73585,4.8,2.78089,0,0,0.1,0.316228,8.2,4.56557,543.6,3.09839,0,0,0,0
129,29,5.92546,0,0,15.9,5.98981,4.4,2.75681,0,0,0.1,0.316228,8.6,4.00555,542.8,3.52136,0,0,0,0
130,29.6,5.62139,0,0,17.3,5.1435,3.9,2.02485,0,0,0,0,8.4,2.79682,542.5,3.40751,0,0,0,0
131,30.2,5.63323,0,0,18.1,5.58669,3.5,2.01384,0,0,0,0,8.6,3.89301,541.9,3.17805,0,0,0,0
132,31.1,5.60654,0,0,17.6,5.81569,3.1,1.91195,0,0,0,0,10.4,3.97772,541.5,3.30824,0,0,0,0
133,31.5,5.58271,0,0,18,6.76593,3.1,1.59513,0,0,0.2,0.421637,10.2,5.2873,541.5,3.30824,0,0,0,0
134,31.9,5.70477,0,0,18.6,7.38166,2.9,1.19722,0,0,0.2,0.421637,10.2,5.84618,541.3,3.26769,0,0,0,0
135,32.2,5.90292,0,0,20.2,6.94102,2.8,0.918937,0,0,0.2,0.421637,9,5.0111,540.4,3.02581,0,0,0,0
136,32.5,5.79751,0,0,20.5,7.33712,2.8,1.0328,0,0,0.2,0.421637,9,5.27046,540.2,3.15524,0,0,0,0
137,33.1,5.89633,0,0,20.9,7.23341,2.4,0.843274,0,0,0.2,0.421637,9.6,5.56177,539.6,3.20416,0,0,0,0
138,33.3,5.90762,0,0,21.7,6.49872,2.6,1.26491,0,0,0.2,0.421637,8.8,5.51362,539.2,2.97396,0,0,0,0
139,33.5,6.22272,0,0,23.1,5.70477,2.4,1.17379,0,0,0.2,0.421637,7.8,4.04969,538.8,2.85968,0,0,0,0
140,33.7,6.32543,0,0,23.9,5.38413,2.6,1.50555,0,0,0.2,0.421637,7,4.02768,538.5,3.10018,0,0,0,0
141,34.2,6.40833,0,0,25,5.18545,2.7,2.16282,0,0,0.3,0.483046,6.2,3.8239,538.2,2.89828,0,0,0,0
142,34.4,6.58618,0,0,25.5,5.16935,2.6,1.95505,0,0,0.1,0.316228,6.2,3.19026,537.4,2319,0,0,0,0
143,34.6,6.38053,0,0,25.3,5.63816,3.4,3.09839,0,0,0.1,0.316228,5.8,2.39444,537.2,2.20101,0,0,0,0
144,34.8,6.39097,0,0,25,6.39444,4.1,2.92309,0,0,0.1,0.316228,5.6,1.83787,536.8,1.93218,0,0,0,0
145,35.1,6.24411,0,0,24.7,6.60051,4.7,3.12872,0,0,0.1,0.316228,5.6,2.06559,536.1,2.23358,0,0,0,0
146,35.3,6.30784,0,0,25.1,6.10009,5.3,2.58414,0,0,0.1,0.316228,4.8,1.68655,535.9,2.33095,0,0,0,0
147,35.7,6.46443,0,0,24.8,6.28579,5.6,2.75681,0,0,0.1,0.316228,5.2,2.52982,535.6,2.41293,0,0,0,0
148,35.7,6.46443,0,0,24,6.89605,6.7,3.23351,0,0,0.2,0.421637,4.8,2.34758,535.1,2.28279,0,0,0,0
149,36.1,6.53962,0,0,24,7.2111,6.7,2.83039,0,0,0.2,0.421637,5.2,3.01109,534.5,2.12132,0,0,0,0
150,36.6,6.80196,0,0,24.9,7.30981,6.2,2.4404,0,0,0.1,0.316228,5.4,4.32563,534.3,2.16282,0,0,0,0
151,36.9,6.85484,0,0,25.1,7.93655,6.5,2.59272,0,0,0.1,0.316228,5.2,3.9101,534.1,2.46982,0,0,0,0
152,37.9,7.29459,0,0,25.2,7.98332,5.8,2.29976,0,0,0.1,0.316228,6.8,6.19677,533.7,2.58414,0,0,0,0
153,38.8,6.86052,0,0,25.3,7.6891,5.2,2.29976,0,0,0.1,0.316228,8.2,5.84618,533.3,2.58414,0,0,0,0
154,39.7,6.63409,0,0,25.7,7.6891,4.5,2.06828,0,0,0.1,0.316228,9.4,6.25744,532.9,2.88483,0,0,0,0
155,40.5,6.63744,0,0,24.9,6.87103,4.9,1.44914,0,0,0.1,0.316228,10.6,5.16828,532.6,3.20416,0,0,0,0
156,41.2,6.95701,0,0,25.5,6.96419,4.4,1.3499,0,0,0.1,0.316228,11.2,5.51362,532.2,3.19026,0,0,0,0
157,42.2,7.80028,0,0,24.7,7.05612,4.1,1.52388,0,0,0,0,13.4,6.46701,531.7,3.12872,0,0,0,0
158,42.6,7.69126,0,0,25.4,6.88315,3.8,1.39841,0,0,0,0,13.4,5.66078,531.1,2.84605,0,0,0,0
159,42.7,7.63108,0,0,25.8,6.82805,4.5,1.43372,0,0,0,0,12.4,4.8808,530.9,2.80674,0,0,0,0
160,43.3,7.52846,0,0,25.6,7.0111,4.7,1.33749,0,0,0,0,13,5.18545,530.3,2.83039,0,0,0,0
161,43.6,7.53068,0,0,26.9,7.7093,5.1,1.96921,0,0,0,0,11.6,4.59952,530.1,2.80674,0,0,0,0
162,43.9,7.34015,0,0,28,6.63325,5.4,1.57762,0,0,0.1,0.316228,10.4,4.59952,529.8,2.78089,0,0,0,0
163,44.1,7.34015,0,0,29.2,6.0148,5.8,1.93218,0,0,0.1,0.316228,9,4.13656,529.7,2.79086,0,0,0,0
164,45.3,7.57261,0,0,30.3,5.86989,5,1.49071,0,0,0.2,0.421637,9.8,2.89828,529.4,3.1693,0,0,0,0
165,45.5,7.69199,0,0,31.5,6.5192,5,1.33333,0,0,0.2,0.421637,8.8,2.69979,528.8,3.70585,0,0,0,0
166,46.3,7.51369,0,0,33,8.21922,4.8,1.75119,0,0,0.3,0.483046,8.2,3.04777,528.5,3.80789,0,0,0,0
167,46.4,7.51591,0,0,32.7,7.88881,5.8,2.39444,0,0,0.3,0.483046,7.6,2.79682,528.4,3.83551,0,0,0,0
168,47.2,7.46548,0,0,31.9,6.9033,6,2.53859,0,0,0.3,0.483046,9,2.86744,528,3.94405,0,0,0,0
169,48,7.51295,0,0,32.8,6.49444,5.5,2.63523,0,0,0.3,0.483046,9.4,2.67499,527.8,3.9101,0,0,0,0
170,48.7,7.25795,0,0,32.8,6.21468,5.4,2.98887,0,0,0.3,0.483046,10.2,3.93841,527.1,3.69534,0,0,0,0
171,49.2,7.58361,0,0,32.5,5.75905,5.6,2319,0,0,0.3,0.674949,10.8,3.15524,526.5,3.62859,0,0,0,0
172,49.8,7.82872,0,0,32,6.03692,5.9,1.79196,0,0,0.3,0.674949,11.6,3.86437,525.9,3.38132,0,0,0,0
173,50.1,8.04777,0,0,33.5,6.45067,6.4,1.64655,0,0,0.2,0.632456,10,2.98142,525.3,3.56059,0,0,0,0
174,50.3,7.80385,0,0,33.3,6.30784,6.8,1.93218,0,0,0.2,0.632456,10,2.66667,524.3,3.26769,0,0,0,0
175,50.8,7.88529,0,0,34.3,5.9264,6.7,2.16282,0,0,0.2,0.421637,9.6,3.50238,523.8,3.25918,0,0,0,0
176,51.9,8.41229,0,0,33.7,5.57873,6.4,2.91357,0,0,0.2,0.421637,11.6,4.78888,523.5,3.10018,0,0,0,0
177,52.9,8.67243,0,0,34.6,5.52167,6,3.09121,0,0,0.3,0.483046,12,5.07718,522.8,3.52136,0,0,0,0
178,53.2,8.61265,0,0,35.5,5.6421,6.4,3.1693,0,0,0.3,0.483046,11,5.27046,522.3,3.74314,0,0,0,0
179,53.8,8.97899,0,0,36.5,5.33854,6.2,2.78089,0,0,0.3,0.483046,10.8,5.97774,522,3.77124,0,0,0,0
180,54.5,8.83491,0,0,37.3,5.86989,5.8,2.25093,0,0,0.2,0.421637,11.2,4.63801,521.4,3.56526,0,0,0,0
181,55.4,8.59199,0,0,37.6,5.98517,5.8,1.93218,0,0,0.2,0.421637,11.8,3.58391,520.7,3.77271,0,0,0,0
182,56.3,8.76926,0,0,37.7,6.58365,5.5,1.64992,0,0,0.3,0.483046,12.8,3.29309,520.2,4.18463,0,0,0,0
183,56.9,8.96227,0,0,37.5,6.11465,5.5,1.95789,0,0,0.3,0.483046,13.6,3.86437,519.7,4.49815,0,0,0,0
184,57.3,9.04372,0,0,37.8,7.3303,5.8,1.93218,0,0,0.3,0.483046,13.4,4.32563,519.3,4.39823,0,0,0,0
185,58.1,9.36245,0,0,39.8,8.57386,5.2,1.61933,0,0,0.3,0.483046,12.8,5.82714,518.7,4.71522,0,0,0,0
186,58.6,9.39503,0,0,40.8,8.82924,5.6,1.83787,0,0,0.2,0.421637,12,6.18241,518.1,4.97661,0,0,0,0
187,59.3,9.18997,0,0,41.2,8.71525,5.1,2.13177,0,0,0.2,0.421637,12.8,6.33859,517.4,4.92612,0,0,0,0
188,59.7,9.20205,0,0,41.4,9.41866,5.6,2.1187,0.1,0.316228,0.2,0.421637,12.4,5.56177,517,4.76095,0,0,0,0
189,60.1,9.23099,0.1,0.316228,41.6,9.47746,6.6,3.02581,0,0,0.2,0.421637,11.6,4.50185,516.7,5.03433,0,0,0,0
190,61,9.4163,0.1,0.316228,42.3,8.84496,6.7,2.98329,0,0,0.3,0.483046,11.6,3.86437,516.2,5.18116,0,0,0,0
191,61.5,9.16818,0.1,0.316228,43,9.09212,7.2,3.70585,0,0,0.2,0.421637,11,3.29983,515.5,5.03874,0,0,0,0
192,62.1,9.20688,0.1,0.316228,43.1,9.06091,7.5,3.68932,0.1,0.316228,0.3,0.674949,11,3.91578,514.8,5.30827,0,0,0,0
193,62.8,8.82924,0.2,0.421637,43.7,8.9697,7.1,3.14289,0,0,0.2,0.632456,11.6,3.86437,514.5,5.40062,0,0,0,0
194,63,8.7178,0.2,0.421637,44.6,9.33571,7.6,2.87518,0,0,0.2,0.632456,10.4,3.23866,513.8,5.63323,0,0,0,0
195,64,8.76863,0.2,0.421637,44.9,9.15848,7.5,2.75882,0.1,0.316228,0.2,0.632456,11.1,3.72529,513.6,5.2957,0,0,0,0
196,64.2,8.75341,0.3,0.674949,45.6,9.60555,8,2.90593,0,0,0.2,0.632456,10.1,4.28045,513.2,5.11642,0,0,0,0
197,65.1,8.50425,0.3,0.674949,45.8,9.40213,7.7,2.49666,0,0,0.2,0.632456,11.1,4.28045,512.8,5.59365,0,0,0,0
198,66.5,8.83491,0.3,0.674949,45.4,9.77753,7.4,2.41293,0.1,0.316228,0.2,0.632456,13.1,6.08185,512.1,5.10882,0,0,0,0
199,67.4,8.69483,0.4,0.699206,46.2,9.79569,7.3,2.00278,0,0,0.1,0.316228,13.4,5.96657,511.4,5.2111,0,0,0,0
200,68.5,9.53648,0.4,0.699206,46.1,8.71079,7.3,1.76698,0.1,0.316228,0.2,0.421637,14.4,7.4117,510.7,5.33437,0,0,0,0
201,69.3,9.49912,0.5,0.707107,46.5,8.39643,7,2.16025,0.2,0.421637,0.1,0.316228,15,7.37865,510.3,5.45792,0,0,0,0
202,69.7,9.83249,0.7,0.823273,47.2,7.80028,7.4,1.95505,0,0,0.2,0.421637,14.2,6.28579,509.8,5.84618,0,0,0,0
203,70.4,9.72054,0.7,0.823273,47.2,7.55425,7.1,1.85293,0,0,0.2,0.421637,15.2,5.75036,509.2,5.97774,0,0,0,0
204,71.3,9.90006,0.7,0.823273,48,7.07107,7.2,2.14994,0.1,0.316228,0.3,0.483046,15,5.51765,508.9,5.87745,0,0,0,0
205,72,9.56847,0.8,0.788811,47,7.05534,7.8,1.93218,0.1,0.316228,0.3,0.483046,16,5.81187,508.3,6.12917,0,0,0,0
206,72.6,9.73196,0.9,0.875595,47.9,6.33246,7.8,1.39841,0.2,0.421637,0.4,0.516398,15.4,4.99333,508,6.48074,0,0,0,0
207,73.7,9.49912,1.1,0.737865,49.8,6.95701,7.6,2.17051,0,0,0.4,0.516398,14.8,4.82586,507.4,6.75278,0,0,0,0
208,74.6,9.3832,1.1,0.737865,50,6.86375,8.4,2.54733,0.1,0.316228,0.4,0.516398,14.6,4.00555,506.7,6.92901,0,0,0,0
209,75.6,9.66322,1.2,0.788811,51.5,8.80972,7.8,2.48551,0.2,0.421637,0.3,0.483046,14.6,3.53396,506.1,6.93542,0,0,0,0
210,76.2,10.2502,1.4,0.516398,52.2,8.62554,8,2.44949,0.2,0.421637,0.4,0.516398,14,4.32049,505.5,7.27629,0,0,0,0
211,76.9,10.0935,1.6,0.699206,51.6,8.22192,8.3,2.62679,0.2,0.632456,0.4,0.699206,14.8,3.9101,504.9,7.5638,0,0,0,0
212,77.3,9.95601,1.8,1.22927,51.9,8.91254,8.8,3.04777,0.3,0.674949,0.4,0.699206,14.1,3.54181,504.5,6.81909,0,0,0,0
213,78.2,10.2394,2.1,1.19722,52.7,8.75658,8.6,2.71621,0.3,0.483046,0.3,0.483046,14.2,4.18463,503.5,6.94822,0,0,0,0
214,79.5,10025,2.4,1.26491,53.1,8.29257,8.1,2.33095,0.1,0.316228,0.4,0.516398,15.4,3.74759,502.7,7.14998,0,0,0,0
215,80,10.0995,2.5,1.2693,52.6,8.39577,8.9,2.18327,0.3,0.674949,0.3,0.483046,15.4,2.54733,501.7,7.21187,0,0,0,0
216,80.9,10775,2.8,1.22927,53.3,7.90288,9,2.35702,0.4,0.516398,0.4,0.699206,15,4.26875,500.8,7.19259,0,0,0,0
217,82.6,10.6687,3.2,1.13529,53.8,7.81452,8.3,1.88856,0.1,0.316228,0.5,0.707107,16.7,4.98999,500,7.46845,0,0,0,0
218,83.1,10.3543,3.3,1.1595,55.2,8.35065,8.4,2.01108,0.3,0.483046,0.5,0.707107,15.4,4.71876,499.4,7.73448,0,0,0,0
219,83.8,10.6124,3.6,1.26491,54.8,9.53124,8.4,2.41293,0.5,1.08012,0.5,0.707107,16,4.89898,499.2,7.68548,0,0,0,0
220,84.8,11.1235,4.1,1.19722,55.3,9.0805,8.1,2.33095,0.4,0.966092,0.4,0.516398,16.5,5.14782,498.7,8.08359,0,0,0,0
221,85.7,10.6254,4.5,1.77951,54.8,8.85438,8.5,3.62859,0,0,0.4,0.516398,17.5,5.94886,498.2,7.99722,0,0,0,0
222,86.5,10.7212,4.5,1.77951,55.5,9.70967,8.8,3.25918,0.2,0.421637,0.4,0.516398,17.1,5.25885,497.8,8.09389,0,0,0,0
223,87.2,10.6646,4.7,1.56702,57,9.18937,9,3.52767,0.1,0.316228,0.3,0.483046,16.1,4.5326,497.5,7.82091,0,0,0,0
224,88.6,10.5536,4.8,1.61933,57.1,9.52715,8.6,3.09839,0,0,0.4,0.516398,17.7,4.21769,496.6,7.7057,0,0,0,0
225,89.5,10.7729,4.8,1.61933,57.9,10.7336,8.5,3.43996,0.1,0.316228,0.3,0.483046,17.9,4.58136,495.4,7.89092,0,0,0,0
226,90.4,10.6792,4.9,1.72884,60.3,10.5835,8,3.01846,0.4,0.966092,0.2,0.421637,16.6,3.77712,494.5,8.08634,0,0,0,0
227,91,10.3923,5.3,1.70294,60.1,9837,8,3.05505,0.6,0.699206,0.2,0.421637,16.8,4.02216,493.9,8.30596,0,0,0,0
228,91.7,10.2421,5.9,1.52388,59.8,10.0532,8.5,3.47211,0.6,0.843274,0.1,0.316228,16.8,4.82586,493.4,8.52708,0,0,0,0
229,92.5,10.5961,6.5,1.58114,61.3,11.4022,8.4,3.30656,0,0,0.1,0.316228,16.2,4.6619,492.8,9.01604,0,0,0,0
230,93.8,10.7889,6.5,1.58114,61.3,10144,8.4,3.33999,0.5,0.707107,0.2,0.421637,16.9,7.18718,492.3,9.15363,0,0,0,0
231,94.9,10.5877,7,1.82574,61.5,9.68676,8.4,3.27278,0.3,0.483046,0.3,0.483046,17.4,6.3456,491.9,8.82484,0,0,0,0
232,95.9,10.8059,7.3,1.82878,61.9,9.0854,8.1,3.3483,0.5,0.527046,0.3,0.483046,17.8,6.87669,490.8,8.62554,0,0,0,0
233,96.8,11.2329,7.8,1.98886,63.1,8.33267,7.9,2.99815,0.6,0.699206,0.4,0.516398,17,6.03692,490.1,8.72353,0,0,0,0
234,97.6,11.7776,8.4,2.17051,63.9,8.73626,8.1,3.60401,0.2,0.421637,0.4,0.516398,16.6,6.65332,489,7.97217,0,0,0,0
235,98.1,11.8458,8.6,2.17051,64.6,9.24001,8.5,3.37474,0.3,0.948683,0.4,0.516398,15.7,6.03784,488.3,8.39378,0,0,0,0
236,98.7,11.9819,8.9,1.96921,64.5,8.47545,8.8,3.25918,0.2,0.632456,0.6,0.699206,15.7,6.18331,487,8.86942,0,0,0,0
237,100,11.9257,9.1,1.96921,64.8,9.41394,8.5,4.06202,0.1,0.316228,0.7,0.823273,16.8,6.94102,486.1,8.84998,0,0,0,0
238,100.7,11.8701,9.2,2.04396,65.3,9.4757,8.6,4.40202,0.2,0.421637,0.9,0.875595,16.5,6.5192,485.3,8.80719,0,0,0,0
239,101.9,12.5914,9.4,2.1187,67,8.09664,7.9,3.63471,0.4,0.699206,0.8,0.788811,16.4,6.67,484.8,8.57386,0,0,0,0
240,102.9,12.5914,9.8,1.93218,68.1,7.5196,7.5,3.92287,0.4,0.966092,0.7,0.823273,16.4,6.6366,483.6,7.69126,0,0,0,0
241,103.7,12.5879,10.2,1.75119,68.6,7.89092,7.8,4.39191,0.5,0.527046,0.7,0.823273,15.9,6.7897,482.4,7.80598,0,0,0,0
242,104.3,12.7632,10.7,1.76698,69.3,8.62876,7.9,4.7481,0.2,0.421637,0.6,0.516398,15.6,6.07728,481.4,7.86271,0,0,0,0
243,105.3,13.1238,10.9,1.52388,69.1,9.53881,8.2,4.41714,0.3,0.483046,0.6,0.516398,16.2,7.20802,480.6,7.97496,0,0,0,0
244,106.1,13.4119,11.2,1.39841,68.9,9.78037,8.5,3.92287,0.1,0.316228,0.6,0.516398,16.8,6.54557,480.3,7.97287,0,0,0,0
245,106.8,13.7582,11.3,1.56702,69.1,9.87083,8.2,3.3928,0.3,0.674949,0.5,0.527046,17.4,6.32807,479.6,7.93305,0,0,0,0
246,107.7,14.2365,11.6,1.77639,70.2,9.0037,8.6,2.63312,0.1,0.316228,0.4,0.516398,16.8,7.95543,478.9,8.07534,0,0,0,0
247,108.3,14.9373,11.7,1.70294,69.9,8.15748,9.1,2.23358,0.3,0.483046,0.3,0.483046,17,8.60233,477.8,8.41691,0,0,0,0
248,108.9,15.0809,12,1.82574,70.8,8.89194,9.6,2.1187,0.6,0.699206,0.3,0.483046,15.6,7.10555,477.3,8.26035,0,0,0,0
249,109.6,15.6148,12.6,2.06559,71.5,9.28858,9.9,2.55821,0.5,0.849837,0.3,0.483046,14.8,7.67101,476.5,8.40965,0,0,0,0
250,110.8,15824,13.1,2.23358,71.3,9056,10.1,1.72884,0.2,0.421637,0.5,0.707107,15.6,8.78382,475.6,8.78382,0,0,0,0
251,111.6,16.2084,13.3,2.35938,71.8,9.29516,10,2.49444,0.3,0.483046,0.4,0.516398,15.8,9.4962,474.9,8.26573,0,0,0,0
252,112.9,15.9405,13.6,2.67499,71.8,9.86351,10.1,2.64365,0.5,0.849837,0.5,0.527046,16.4,8.83428,474.4,8.18128,0,0,0,0
253,114,15.0037,14.1,2.88483,71.7,10.4142,10.1,2.88483,0.5,0.849837,0.6,0.516398,17,7.84573,473.9,8.26573,0,0,0,0
254,114.3,14.8776,14.6,3.43835,71.5,11.6261,10.9,3.21282,0.6,0.966092,0.7,0.823273,16,7.18022,473.4,8.15407,0,0,0,0
255,115.7,14.9224,15.2,2.97396,71.8,12.4971,10.4,2.79682,0.6,0.516398,0.9,0.875595,16.8,5.43241,473.1,8.14385,0,0,0,0
256,116.9,14.9477,15.8,2.65832,71.8,12.9254,10.5,2.4608,0.1,0.316228,0.9,0.994429,17.8,4.46716,472.2,8.37722,0,0,0,0
257,118,15.0997,15.9,2.55821,70.6,13.3517,11.5,2.95334,0.2,0.421637,1,1.1547,18.8,4.34102,471.3,8.38053,0,0,0,0
258,119.1,14.7154,16.1,2.80674,69.9,13.4449,12.2,3.35989,0.4,0.516398,1,1.1547,19.5,5.31769,470.4,8.74579,0,0,0,0
259,120.3,15571,16.5,2.71825,70.4,12474,12.2,3.61478,0.3,0.674949,1,1.24722,19.9,3.47851,470.2,8.79141,0,0,0,0
260,121.1,15.4521,16.8,3.11983,70.4,13.1842,12.8,3.55278,0.5,0.527046,1,1.24722,19.6,4.90351,469.5,8.19553,0,0,0,0
261,122.4,15.4503,17.3,3093,71.5,12.1312,12.4,4.45222,0.4,0.966092,1.1,0.994429,19.7,5.07828,468.6,8.59199,0,0,0,0
262,123.4,15.2403,17.7,3.36815,72.3,9.96717,12.6,5.01553,0.1,0.316228,1,0.816497,19.7,5.45792,468,8.7178,0,0,0,0
263,124.5,15.4074,17.8,3.55278,71.6,9.89051,12.4,5.37897,0.3,0.483046,0.9,0.875595,21.5,5.98609,467.2,9.0652,0,0,0,0
264,125.2,15.5192,18.1,3.54181,71.9,9.17061,12.8,5.97774,1,1.56347,0.8,0.632456,20.6,5.48128,466.3,9.33393,0,0,0,0
265,126.4,16.1741,19.1,4.04008,72.6,8.6564,12.1,5.40473,1.1,1.37032,0.7,0.674949,20.8,5.09466,465.5,9.30054,0,0,0,0
266,128.4,16.0568,20.2,4.18463,73.3,8.71844,11,4.89898,0.4,0.516398,0.7,0.823273,22.8,6.12463,464.8,9.73881,0,0,0,0
267,130.2,16.6653,20.6,3.97772,74.1,8.67243,10.4,4.74225,0.2,0.421637,0.7,0.823273,24.2,6.95701,463.9,10.2247,0,0,0,0
268,131.4,17.3025,20.8,4.26354,75.5,9.31248,10.1,3.81372,0.1,0.316228,0.7,0.823273,24.2,7.45058,463.2,10.4009,0,0,0,0
269,132.8,17.5929,20.9,4.28045,76.2,9.35474,9.5,3.02765,0.1,0.316228,0.7,0.823273,25.4,7.24492,462.2,10.2827,0,0,0,0
270,133.7,18276,21,4.16333,76.7,10089,9.6,3.40588,1.1,1.19722,0.5,0.707107,24.8,8.90443,461.6,10627,0,0,0,0
271,135,18.9268,22.1,4.09471,77.3,9.48742,9.6,2.83627,0.3,0.483046,0.5,0.707107,25.2,10.0311,461.2,10.9524,0,0,0,0
272,136,19362,22.4,4.11501,78.3,10.2095,9.4,2.54733,0.6,1.07497,0.6,0.699206,24.7,10.5415,460.6,11.1475,0,0,0,0
273,137.2,19.7304,23,4.49691,77.9,10005,9.4,1.57762,0.9,0.737865,0.7,0.483046,25.3,11.2354,460,11.2349,0,0,0,0
274,137.8,19.3092,23.9,5.08702,78.4,9.59398,10.1,2079,0.7,1.25167,0.9,0.567646,23.8,10.2285,459.4,10.9666,0,0,0,0
275,138.7,19.1256,24.6,5.83476,80.7,9.32202,10.5,2.4608,0.4,0.516398,0.8,0.632456,21.7,9.33393,458.9,11.1699,0,0,0,0
276,139.9,19.3933,25,5.90668,82.4,9.5359,10.6,2.91357,0.5,0.527046,0.8,0.632456,20.6,9.25203,458.7,10.9245,0,0,0,0
277,140.8,18855,25.5,6.09645,83.4,9.61711,10.9,3.60401,0.4,0.516398,0.6,0.516398,20,7.4087,458,10.7186,0,0,0,0
278,141.6,18.5544,25.9,6.15449,83.9,8.35929,12.2,4.54117,0.1,0.316228,0.7,0.674949,18.8,5.88407,456.9,10.9894,0,0,0,0
279,142.7,19.0791,26,6.25389,83.7,9.60382,13,4.39697,0.4,0.699206,0.7,0.674949,18.9,6.53962,455.8,10.9524,0,0,0,0
280,144,19.2412,26.4,6.14998,84.1,10.8367,13.3,5.22919,0.3,0.483046,1,0.666667,18.9,5.50656,454.4,11.9276,0,0,0,0
281,144.7,19391,26.7,6.00093,84.5,10.9975,13.7,5.61842,0.5,1.2693,0.8,0.632456,18.5,5.14782,453.5,11.8814,0,0,0,0
282,145.8,19.7754,27.2,5.65292,85.2,11.6123,13.9,5.36346,0.2,0.421637,0.7,0.483046,18.6,2.98887,453.1,11.8551,0,0,0,0
283,146.9,19.9969,27.4,5.79655,84.9,10.6296,14.1,5.27994,0.1,0.316228,0.5,0.527046,19.9,3.90014,452.4,12.0019,0,0,0,0
284,148.3,20.1056,27.5,5.79751,84.9,10.2247,14,5.27046,0.6,1.07497,0.6,0.516398,20.7,4.62,451.6,11.6924,0,0,0,0
285,149.6,20.7053,28.1,5.32186,84.9,10.3757,14.8,5.41192,0.4,0.699206,0.6,0.516398,20.8,5.2873,450.7,12166,0,0,0,0
286,151.1,21.1474,28.5,5.27573,85,9.0185,14.5,5.66176,0.8,1.75119,0.7,0.674949,21.6,7.0899,449.2,11.8678,0,0,0,0
287,153.1,22.5263,29.3,6.42996,84.6,8.39577,13.9,5.21643,0.5,0.849837,0.7,0.674949,24.1,8.81224,448.4,12.5539,0,0,0,0
288,155,22.8473,29.8,7.0993,85.3,8.99444,13.3,5.2079,0.1,0.316228,0.7,0.674949,25.8,8.65127,446.8,13.3733,0,0,0,0
289,156.3,22.9252,29.9,7.18718,85.9,9.46866,13,4.57044,0.7,0.948683,0.4,0.699206,26.4,10.3086,445.8,13.2397,0,0,0,0
290,157.6,23.5712,30.6,7.45654,85,9.74109,13.5,4.22295,1.1,1.28668,0.5,0.849837,26.9,10.8674,445.3,13663,0,0,0,0
291,159,23.6972,31.7,7.6165,85.1,9.62,13,4.24264,1.4,1.50555,0.6,0.843274,27.2,10.3258,444.5,13.6321,0,0,0,0
292,160.5,24.0058,33.1,7.44536,85.5,10.2767,13.1,4.93176,0.4,0.699206,0.7,1.05935,27.7,10.2637,443.8,13.2481,0,0,0,0
293,161.7,24.1111,33.5,7.41245,85.4,9.60555,13.8,4.98442,0.7,0.948683,0.8,1.0328,27.5,10.2116,442.8,13.5302,0,0,0,0
294,163.7,25.0601,34.2,7.0993,86.3,9.17787,12.9,5.91514,0.5,0.849837,0.8,1.0328,29,10.5515,441.3,14.2209,0,0,0,0
295,164.7,25.79,34.7,7.02456,87.1,9.60845,12.6,5.48128,1.2,1.68655,0.8,1.13529,28.3,11076,440.2,14.6879,0,0,0,0
296,166.1,26.3753,35.9,7.76674,89.1,10.9691,12.3,4.32178,0.7,0.823273,1,0.942809,27.1,10.2029,439.7,14.5453,0,0,0,0
297,167.4,26.1882,36.6,8.18128,91.3,11.7667,12.2,4.51664,0.5,0.707107,1.1,0.994429,25.7,10067,439,14.8099,0,0,0,0
298,168.6,25.8423,37.1,8.31932,92.1,10.9286,12.7,5.29255,0.3,0.674949,1.4,1.3499,25,8.67948,438,15.0259,0,0,0,0
299,170.3,25966,37.4,8.4879,93,11225,12.1,4.93176,0.5,1.08012,1.3,1.41814,26,8.1377,436.9,15.3872,0,0,0,0
300,171.2,26.1525,37.9,9.23099,94.4,11.0474,12.5,5.68135,0.2,0.632456,1.1,1.1005,25.1,8.03396,436.1,15.7653,0,0,0,0
301,172.8,27.1203,38.1,9.63155,95.4,11.0574,12.2,5.2873,0.4,0.699206,1.2,0.918937,25.5,9.72111,435.1,16.1414,0,0,0,0
302,174.7,27.9008,38.5,9.46631,95.3,11.5763,11.9,5.19508,0.9,1.28668,1,0.666667,27.1,9.75762,434.3,16.0281,0,0,0,0
303,175.7,28.8869,39.4,8.97156,96.4,12.7035,12.6,4.74225,1.2,1.8738,1.1,0.737865,25,11.1455,433.2,16.2672,0,0,0,0
304,176.5,28.9684,40.6,9.02096,96.1,12.5738,13.3,4.80856,0.7,0.823273,1.3,0.948683,24.5,10.7729,432.6,16514,0,0,0,0
305,177.4,29.1059,41.3,9.01912,97.7,13.1576,12.9,3.78447,0.4,0.516398,1,0.816497,24.1,8.65961,431.5,17.0114,0,0,0,0
306,178.5,29.1519,41.7,8.95731,98.2,11.2724,12.9,4.12176,0.4,0.699206,1.3,0.823273,24,9.15302,430.7,17.0623,0,0,0,0
307,179.9,30.1421,42.1,9.20688,98.3,10.6045,12.9,3.60401,0.7,0.948683,1,0.816497,24.9,10.2356,429.7,17.3593,0,0,0,0
308,181.1,30.4757,42.8,9.81835,99.9,10898,13.3,3.62246,0.4,0.699206,1,0.816497,23.7,9.67299,429.3,17205,0,0,0,0
309,182.6,31.0347,43.2,9.88602,100.3,10.4568,13.4,3.97772,0.3,0.483046,1,0.816497,24.4,11.0474,428.7,17455,0,0,0,0
310,183.8,31.3078,43.5,10.2334,101.5,11267,13.2,4.46716,0.9,0.875595,0.9,0.737865,23.8,10.4329,427.7,17.8889,0,0,0,0
311,185.6,31.8998,44.4,10.3516,103.3,13.0899,12.9,4.25441,1.1,1.44914,0.9,0.737865,23,9.94429,426.8,18.5041,0,0,0,0
312,187.2,31881,45.5,9.81212,102,13.5236,13.3,4.08384,1.3,1.88856,0.9,0.875595,24.2,8.31064,425.9,18.7406,0,0,0,0
313,188.5,32.1325,46.8,11.1435,100.8,13.5958,14.6,4.06065,0.4,0.966092,0.6,0.843274,25.3,8.09732,424.6,18.8927,0,0,0,0
314,189.3,32.1076,47.2,11.8491,100.8,13.6854,15.8,5.2451,0.3,0.483046,0.7,0.823273,24.5,6.3814,424.2,18.8373,0,0,0,0
315,190.1,32.7226,47.5,12.1769,100.9,13.2451,16.2,4.84883,0.1,0.316228,0.3,0.483046,25.1,7.50481,423.3,19.4196,0,0,0,0
316,191.8,32.3653,47.6,12.0849,101.5,14.6913,16.5,6.29374,0.7,0.823273,0.4,0.699206,25.1,6.91938,422.5,19.6935,0,0,0,0
317,193.4,32.3701,48.3,12.0651,101.7,14.6063,16.5,6.58702,0.4,0.699206,0.4,0.699206,26.1,7.01506,421.5,19806,0,0,0,0
318,195,32.9579,48.7,12.1933,101.7,14.8103,16.8,5.73101,0.9,1.1005,0.6,0.843274,26.3,7.52846,421,19.9276,0,0,0,0
319,196.1,34.0896,49.6,11.9276,101.5,15465,17.2,4.54117,0.8,0.918937,0.8,1.0328,26.2,8.90443,420.3,20028,0,0,0,0
320,197.5,34141,50.4,11.7776,103.5,16.1469,17,5.24934,0.4,0.516398,0.8,1.0328,25.4,8.5531,419.4,20.2934,0,0,0,0
321,199.4,34.2092,50.8,11.5258,104.4,16.2631,16.7,4.78539,0.4,0.516398,1,0.666667,26.1,8.14385,418,20.4722,0,0,0,0
322,202.2,34.3311,51.2,11.6409,104.5,15.6294,16.3,4.62,0.6,0.966092,1.1,0.737865,28.5,7.90569,417.1,20.6476,0,0,0,0
323,204.1,35.5761,51.8,12.0812,102.8,14703,16.9,4.8637,0.7,0.948683,1,0.666667,30.9,10.2681,416,20.6182,0,0,0,0
324,205.6,36.5185,52.5,12.4922,102.1,15103,17.9,4.79467,0.7,1.05935,1,0.666667,31.4,9.78888,415.1,20.4312,0,0,0,0
325,207.5,36.9662,53.2,12.8824,103.3,14.7577,17.5,4.37798,0.6,0.699206,0.9,0.737865,32,12.7105,414.4,20.7696,0,0,0,0
326,209.1,37.6577,53.8,12.7174,103.8,14.2735,17.9,4.22821,0.8,0.918937,0.9,0.737865,31.9,13.2283,413.5,21.3138,0,0,0,0
327,210.9,37.9252,54.6,12.4918,105,13.8644,16.9,4.38305,1,1.24722,0.8,0.918937,32.6,11.4426,412.3,21.6951,0,0,0,0
328,212.4,37.4795,55.6,13.2598,104,15.0185,17.6,5.1251,1,1.24722,0.6,0.699206,33.6,8.74579,411.4,21.8845,0,0,0,0
329,213.6,37.9069,56.6,14.0016,104.5,14.8717,17.7,4.3729,1,1.24722,0.7,0.674949,33.1,10.0383,410.6,21.4694,0,0,0,0
330,215,38.0701,57.6,14.0254,106.4,14.8039,17.8,4.46716,0.2,0.421637,0.4,0.699206,32.6,9.16758,409.3,21649,0,0,0,0
331,217.3,38.5402,57.8,13.9507,109.8,14.2579,17.2,3.8239,0.4,0.843274,0.3,0.483046,31.8,9.11409,407.7,21.8838,0,0,0,0
332,219.9,39.1477,58.2,14.5128,110.6,15.6503,16.8,4.75628,0.8,1.31656,0.3,0.483046,33.2,9.96438,406.7,21.9041,0,0,0,0
333,222.5,39303,59,14.9369,110.1,16.7096,16.5,4.42844,1,0.816497,0.3,0.483046,35.6,9.80023,405.4,22.2621,0,0,0,0
334,224.1,39.2356,60,14.7874,111,16.8523,17,4.49691,1,0.942809,0.3,0.483046,34.8,8.89194,404.1,22.3032,0,0,0,0
335,226.1,39.8649,61,14.8474,111.6,18.5065,16.4,4.37671,0.9,1.19722,0.6,0.843274,35.6,8.35597,402.2,22597,0,0,0,0
336,227,40.5791,61.9,14.9179,113.2,18.7427,16.8,4.13118,0.7,1.33749,0.8,0.788811,33.6,8.64356,400.8,22.2501,0,0,0,0
337,229.2,41566,62.6,15.1305,113.3,17.1985,16.7,4.42342,1.3,1.49443,0.7,0.674949,34.6,10.0355,399.9,22.8884,0,0,0,0
338,230.4,41.4627,63.9,15.0735,111.7,17.9385,17.9,3.66515,1.3,1.1595,0.7,0.823273,34.9,8.5173,398.8,23.8085,0,0,0,0
339,232.1,41.9827,65.2,14.7181,112,17632,18.1,3.07137,1.3,1.49443,0.8,0.788811,34.7,8.83239,397.8,23.7009,0,0,0,0
340,233.9,41.9985,66.5,15.5724,114.1,17.6349,18.8,4.13118,0.2,0.421637,0.8,0.788811,33.5,7.60482,396.6,24.0333,0,0,0,0
341,236,42.1848,66.7,15.6706,116.4,18.9162,18.1,4.60555,1.4,1.89737,0.8,0.788811,32.6,9.65171,396,24.2899,0,0,0,0
342,238.2,42.8377,68.1,15.7935,120,18.6964,16.7,4.08384,1,1.1547,0.9,0.994429,31.5,8.7718,395,24.7431,0,0,0,0
343,240.3,43151,69.1,16643,119.6,17.5322,16.7,4.94526,1.4,1.77639,1.1,1.19722,32.4,8.36926,393.5,24.4552,0,0,0,0
344,241.3,43.3309,70.5,16.9132,120.8,17.4725,17.6,6.14998,0.7,0.948683,0.8,0.788811,30.9,8.45182,392.4,24.4867,0,0,0,0
345,242.6,44.0308,71.2,17.1387,120.2,17.8997,18.1,6.96738,0.5,0.707107,0.5,0.707107,32.1,8.29257,390.3,24.4088,0,0,0,0
346,244.8,44701,71.7,16.9512,121.8,18.1524,18.2,7.48034,0.9,0.994429,0.5,0.707107,31.7,9.10494,388.7,24.7703,0,0,0,0
347,247.2,45.1634,72.6,17.2511,121.9,18.1074,17.5,6.70406,0.6,0.699206,0.4,0.699206,34.2,7.34544,387.8,25.2402,0,0,0,0
348,249.2,45.1609,73.2,17255,123,19.5562,16.9,5.70477,0.7,0.823273,0.3,0.674949,35.1,6.0452,386.7,25.9874,0,0,0,0
349,251.7,45.5364,73.9,17.3234,124.5,18.5368,15.7,5.43752,0.8,1.13529,0.3,0.674949,36.5,8.24958,385.6,26.0179,0,0,0,0
350,253.2,45.7476,74.7,17645,126,17.8699,15.6,6.07728,0.9,0.875595,0.3,0.674949,35.7,8.93246,384.7,26.7002,0,0,0,0
351,253.9,46.1289,75.6,17.9703,127.7,20.0336,16.9,5.66569,0.7,0.948683,0.2,0.632456,32.8,7.68548,384.1,26.8843,0,0,0,0
352,255.9,47475,76.3,18.5655,128,21.2498,17.3,5.07828,1.3,1.1595,0.2,0.421637,32.8,9.22316,382.3,27.9207,0,0,0,0
353,258.1,48.4343,77.6,18.1977,128,20.5967,17,5.27046,0.6,0.699206,0.3,0.674949,34.6,11.7398,381.3,28.2294,0,0,0,0
354,260.2,49.3779,78.2,18.1524,128.4,21.5778,16.7,5.3135,0.8,0.918937,0.7,0.674949,35.4,13.2682,380.3,28.8408,0,0,0,0
355,262.5,50.3041,79,18.4872,129.7,21.8685,15.8,4.56557,0.9,0.737865,1.2,0.918937,35.9,14.7003,378.8,28.9206,0,0,0,0
356,264.3,50.0468,79.9,18.9118,131.9,22.4076,15.9,4.12176,0.8,1.39841,1.2,0.918937,34.6,13.2178,377.8,29.2947,0,0,0,0
357,265.7,49.5761,80.7,18.7797,133.4,22926,16.4,4.74225,0.5,0.527046,1.5,0.707107,33.2,11.5739,375.6,29.6955,0,0,0,0
358,267,50.3742,81.2,18.6238,134.6,22.6774,18,4.10961,0.8,1.31656,1.5,0.707107,30.9,11.1699,374.4,29.7628,0,0,0,0
359,268.4,51.2471,82,18.9326,133.7,23.0027,19.7,3.9172,0.7,1.33749,1.7,0.948683,30.6,11.9926,373.3,30.0409,0,0,0,0
360,270.5,50803,82.7,19.8441,132.3,23.3097,19.8,4.54117,0.6,0.966092,1.9,1.19722,33.2,11.2921,371.8,31.0476,0,0,0,0
361,272.9,50.7422,83.3,20.3199,133.8,24.0823,19.2,4.41714,0.6,0.699206,1.9,1.19722,34.1,10.0272,371,31.5489,0,0,0,0
362,274.8,51.2419,83.9,20.5937,135.7,25.1884,18.9,4.4833,1,1.24722,1.9,1.37032,33.4,10.0907,370.2,32.1414,0,0,0,0
363,276.2,50.7166,84.9,20.6476,134.9,27.4771,19.8,4.70933,2.2,1.75119,1.6,1.42984,32.8,10.0753,368.7,32.7484,0,0,0,0
364,277.1,49.8942,87.1,20.7013,136.3,29071,21,5.33333,0.6,0.966092,1.1,1.37032,31,8.57645,367.1,33.0738,0,0,0,0
365,279,49.8799,87.7,20.5807,136.9,28.7844,21.1,4.99889,1,1.33333,1.2,1.31656,31.1,7.46027,366.3,33.1094,0,0,0,0
366,280.5,50676,88.7,20.8702,136.3,27.1704,22.2,4.73286,0.4,0.699206,1,1.24722,31.9,8.69802,365.3,33.1865,0,0,0,0
367,283.4,51416,89.1,21.1316,135.5,27.1262,21.7,4.08384,1,1.88562,1.1,1.28668,35,7.81736,364,33.3167,0,0,0,0
368,286.3,51.2815,90.1,22.6001,135.4,27.0933,20.9,4.8408,0.8,0.788811,0.9,1.28668,38.2,7.29992,362.5,34.5744,0,0,0,0
369,288.3,51.0796,90.9,22.9078,136.7,27.3254,20.2,5.82714,1.2,1.22927,0.8,1.22927,38.5,8.51469,361.2,34.3796,0,0,0,0
370,290.1,52065,92.1,22353,137.6,26.0436,21.1,5.50656,1.3,0.948683,0.6,0.699206,37.4,8.14043,360.1,34.4075,0,0,0,0
371,291.7,52.7722,93.4,22.2521,137.8,26.0887,21.5,5.38,1,1.1547,0.8,0.632456,37.2,8.65127,359.1,34.5558,0,0,0,0
372,294.3,52.4257,94.4,22.4707,138.4,25.3737,20.9,5.06513,0.9,0.994429,0.8,0.632456,38.9,9.20688,357.9,34.3105,0,0,0,0
373,296.7,52175,95.3,22.6865,137.1,24447,21.5,5.33854,0.6,0.699206,1,0.816497,41.2,10.3473,356.8,33.8881,0,0,0,0
374,298.6,52.3136,95.9,22.5361,137.1,23.2592,21.9,5.08702,1.1,1.44914,1.2,1.31656,41.4,9.7091,355.4,33758,0,0,0,0
375,301.4,52.5784,97,22.6274,136.1,22.9369,22.3,5.37587,1.1,0.994429,1.2,1.31656,43.7,9.46397,353.7,33.8364,0,0,0,0
376,303.7,52.9865,98.1,22.4225,138.2,23.8784,22.3,5.88878,0.9,0.994429,1.1,1.19722,43.1,8.19824,352,32.7041,0,0,0,0
377,306,54.2054,99,22.3656,140.8,23.5174,22.3,6.60051,1.4,1.42984,1.2,1.22927,41.3,9.84378,350.7,33.4201,0,0,0,0
378,307.5,53.5936,100.4,23.1286,141.6,22.8386,23.6,7.60409,0.8,0.788811,1.1,0.994429,40,11.7662,348.7,33741,0,0,0,0
379,310.4,54443,101.2,23.1123,142.7,24.7389,22.8,7.48034,0.9,0.737865,1.1,0.994429,41.7,11.2551,347.6,33.8566,0,0,0,0
380,312.2,54.8043,102.1,23402,143.3,26.9528,22.6,6.05897,1.1,0.875595,0.8,0.918937,42.3,10.8837,346.4,34.0398,0,0,0,0
381,314.1,54.7184,103.2,23.9481,143.7,23.1039,24.2,6.47731,1.3,1.56702,1,1.1547,40.7,10307,344.9,35.0094,0,0,0,0
382,316.9,54.8705,104.5,24.2178,144.8,22449,23.8,5.65292,1.1,0.994429,0.9,0.875595,41.8,10.7476,343.6,35.2647,0,0,0,0
383,319,55.0717,105.6,24.4549,145.3,22.5243,23.5,5.98609,1.4,0.966092,0.8,0.788811,42.4,10.2328,342,35.6713,0,0,0,0
384,322.1,56.0564,107,24.4268,147.5,22.4561,22.5,4.37798,1.1,1.1005,1.1,0.994429,42.9,10.6505,340,35.3585,0,0,0,0
385,324.5,56.6436,108.1,24.4152,148.6,23.3152,22.6,3.86437,0.9,1.19722,1.2,1.22927,43.1,11.4159,338.2,35.7951,0,0,0,0
386,326.6,56.8315,109,24.5357,150,25.4384,22.4,4.35125,0.9,0.994429,1.2,1.22927,43.1,12.7231,336.8,35.8044,0,0,0,0
387,329.5,57.3881,109.9,24.0945,149.4,25.3561,21.8,4.73286,1.4,1.50555,1.2,1.22927,45.8,14612,335.3,36.7455,0,0,0,0
388,331.6,57.0111,111.3,23.2859,150.5,27.0606,22.9,5.87745,1.1,1.28668,1.3,1.1595,44.5,14.5774,333.8,37.3327,0,0,0,0
389,333.4,55.9329,112.4,23.7543,149.3,26.5959,24.6,8.00278,1.3,1.33749,1.6,1.07497,44.2,12.1088,332.6,36.8728,0,0,0,0
390,336.7,57.9464,113.7,24.5042,148,25725,24.5,7.10634,1.8,1.75119,1.4,0.843274,47.3,13.1153,331.6,36.6885,0,0,0,0
391,339.2,58.9554,115.5,24.3048,150.1,26.8719,24.8,7.13053,1,0.816497,1.4,0.843274,46.4,10.8136,330.5,37.1192,0,0,0,0
392,341.1,59.0074,116.5,24.1902,151,26.6792,25.3,7.27324,1.2,1.0328,1.2,0.632456,45.9,11.8176,328.9,37.4684,0,0,0,0
393,342.8,59.4639,117.7,24.5404,153.7,27.5764,25.3,6.61732,1.4,2.1187,0.9,0.737865,43.8,9.10189,327.2,38.2094,0,0,0,0
394,345,58.5491,119.1,25.9934,154.9,27.7467,25.4,5.62139,1,1.05409,0.9,0.567646,43.7,8.00069,325.6,38.4222,0,0,0,0
395,347,59.4063,120.1,26905,155.2,28.2874,26.6,5.48128,1,1.05409,0.8,0.632456,43.3,8.64163,324.5,38.5061,0,0,0,0
396,349.3,60.1628,121.1,27.2537,158.1,30.2194,26,6.2361,1,1.1547,0.9,0.737865,42.2,9.61249,323.6,38.9079,0,0,0,0
397,352.4,60.5056,122.1,26.6852,157.6,28.7564,25.2,6.12463,1.9,1.85293,0.9,0.875595,44.7,12.1111,322.1,38.9114,0,0,0,0
398,355.9,62392,124,25.9572,157,26.8866,24.8,4.44222,1.4,1.07497,0.6,0.699206,48.1,16.4482,320.8,38.7207,0,0,0,0
399,359.2,63.1784,125.4,25.7604,160.7,31.1593,23.4,3.65756,1.1,1.37032,0.6,0.699206,48,14.7045,319.1,39.3487,0,0,0,0
400,361.8,62.7053,126.5,26.1714,161.5,31.2632,23.4,3.3731,1.3,1.41814,0.6,0.516398,48.5,13.9463,317.7,39.5953,0,0,0,0
401,364.3,63.1613,127.8,26.4441,161.2,30.5716,23.9,3.54181,1.4,1.07497,0.6,0.516398,49.4,13.8339,315.8,39.9327,0,0,0,0
402,366.3,62154,129.2,27.2307,161.9,30.5849,24.3,5.10011,0.9,0.875595,0.7,0.823273,49.3,12.4904,314.5,39.7275,0,0,0,0
403,368.7,61.9965,130.1,27388,162.9,28474,24.5,6.04152,0.9,0.875595,0.8,0.918937,49.5,10.3521,313.3,39.9557,0,0,0,0
404,371.4,61.4314,131,27.4469,164,29.7508,23.6,6.60303,0.9,1.1005,0.9,0.994429,51,9.68389,312.2,40647,0,0,0,0
405,372.9,61.5042,131.9,27.7266,164,29.9666,25.2,7.92745,1.1,1.19722,1,0.942809,49.7,11.3632,310.5,40.9885,0,0,0,0
406,375.2,62.5794,133,27.4752,165.7,29.0442,25.7,8.47283,1.5,1.77951,1,0.942809,48.3,11126,309.1,41.2404,0,0,0,0
407,378.4,62.9289,134.5,27.0935,168.8,32.1241,25.1,9.30293,1.2,1.0328,1.6,0.966092,47.2,7.58361,307.6,41.6632,0,0,0,0
408,380.3,63.1736,135.7,27.0187,171.4,35.5346,26,9.96661,1.4,1.26491,1.7,1.05935,44.1,6.13641,306.2,41.8856,0,0,0,0
409,383.1,63.7939,137.1,26.7849,173.3,33.6222,25,8.85689,1.6,1.64655,1.9,0.875595,44.2,6.47731,304.5,42.1143,0,0,0,0
410,386.1,64.4937,138.7,27.3376,175.1,33.8836,24.5,7.82091,0.7,1.05935,1.9,0.875595,45.2,7.48034,302.6,41.9661,0,0,0,0
411,388.3,65.4473,139.4,28.0919,175.6,32.1842,24.4,6.97933,1,0.816497,1.7,0.823273,46.2,9.91968,301.1,42842,0,0,0,0
412,390.5,65847,140.4,27.9531,176.3,30.6668,24.3,6.01941,1,0.942809,1.6,0.843274,46.9,11.9019,299.7,43.9648,0,0,0,0
413,392.2,65.4417,141.4,28.3361,177.7,29113,25.6,6.16802,0.4,0.699206,1.7,0.823273,45.4,13142,298.4,43.8766,0,0,0,0
414,394.8,66.5061,141.8,28.1575,176.4,28.3792,25.5,6.7536,1.2,1.22927,1.7,0.948683,48.2,16.13,296.5,43821,0,0,0,0
415,397.8,67.0618,143,28178,177.1,30.2598,24.9,6.36745,1.6,1.50555,1.6,0.966092,49.6,17.1866,294.7,43724,0,0,0,0
416,399.6,68.0608,144.5,28.1277,179.6,30.7289,24.7,6.01941,1.2,1.93218,1,0.666667,48.6,18.5963,293,44.0126,0,0,0,0
417,402.3,67.6741,145.7,28.7481,177.8,29.0662,25.1,6.57352,2.3,1.82878,1.1,0.316228,50.3,19511,292,44.2041,0,0,0,0
418,403.8,67949,148,28589,179.2,29.8321,25.9,5.85852,1.4,1.3499,0.8,0.632456,48.5,17.5325,290.5,44.0435,0,0,0,0
419,406.3,68085,149.4,28.3008,182,30.9623,25.6,5.58172,1,0.816497,0.9,0.567646,47.4,15.6148,288.5,44.7319,0,0,0,0
420,408.7,68.4285,150.4,28.4222,182.5,32.3497,25.4,6.27517,2,1.49071,1.2,0.918937,47.2,13.5548,286.3,45.4241,0,0,0,0
421,411,68.43,152.4,28.9912,183.8,33.1086,25.5,8.00347,0.9,0.737865,1.5,1.2693,46.9,11.4061,284.2,45.9705,0,0,0,0
422,413.9,68.9758,153.3,28.9561,184,31.9548,25.3,8.15203,0.6,0.699206,1.5,1.77951,49.2,12.0074,283.1,46374,0,0,0,0
423,416.4,70.8585,153.9,29.1336,185.8,33.6973,24.9,7.43042,1.4,1.42984,1.4,1.89737,49,12.8149,281.1,46.1313,0,0,0,0
424,418.9,71.4896,155.3,29.5148,187.7,35.1664,25.2,7.89937,1.2,1.61933,1.6,1.77639,47.9,12.0227,279.9,46.2444,0,0,0,0
425,420.8,71.1615,156.5,29.5607,186.5,36.3417,25.8,7.68548,2.4,2.63312,2.2,1.81353,47.4,11.0574,278.5,46.9379,0,0,0,0
426,423.8,70.8689,158.9,30.6611,188.1,36.0353,25,8.21922,1.2,1.39841,2.3,1.82878,48.3,12.0467,277.1,47.4446,0,0,0,0
427,426.5,70.9526,160.1,31.4235,187.5,34.4585,25.3,8.4334,1,1.63299,2.4,1.89737,50.2,11.4775,275.6,47.1857,0,0,0,0
428,428.6,70.8805,161.1,32.3812,187.8,33189,26,8.5375,1.7,1.76698,2.3,1.94651,49.7,10.4886,274.8,47307,0,0,0,0
429,430.4,71.6957,162.8,33.3193,188.6,33.0461,26.6,7.74884,1.1,1.85293,2.2,1.68655,49.1,11.5513,273.6,47.3948,0,0,0,0
430,432.6,72.1375,163.9,33.0503,189.9,31.6489,27.6,7.93305,0.1,0.316228,1.9,1.44914,49.2,14.8534,272.2,47.1471,0,0,0,0
431,435.4,72.7617,164,33.0958,192.1,31.1,27,8.05536,1.6,1.7127,1.9,1.59513,48.8,15.5906,270.7,47.2841,0,0,0,0
432,438,73.4847,165.6,33187,193.4,32.5037,27,8.23273,1.5,1.08012,2,1.49071,48.5,14.3081,269.1,47.6152,0,0,0,0
433,440.6,73.3897,167,33.2466,194.5,33.6493,26.5,8.69546,1.5,1.2693,2,1.56347,49.1,15.4449,267.6,48.0051,0,0,0,0
434,442.8,73.8855,168.5,33.2975,194.5,32.1809,26.8,8.29726,0.9,0.737865,1.6,0.699206,50.5,14.9239,266,48.2931,0,0,0,0
435,444.6,73.8981,169.4,33702,197.4,32.0874,26.6,8.92188,1.1,1.28668,1.4,0.843274,48.7,16118,264.5,48.8063,0,0,0,0
436,447.5,74.6745,170.3,33.9446,199.3,31.4786,26.6,7.86271,0.5,0.707107,1.4,0.699206,49.4,17264,263.7,49.0284,0,0,0,0
437,450.2,75.4612,170.8,33.9208,200.2,31.6853,26.7,7.27324,0.8,1.61933,1.4,0.699206,50.3,16.8394,262.2,49254,0,0,0,0
438,452.4,75.2347,171.6,34.0464,199.1,32.9358,27.4,7.13676,1.2,0.918937,1.3,0.948683,51.8,15.2883,260.7,49.1258,0,0,0,0
439,455.7,76.5971,172.8,34.3537,199.2,32.9066,26.7,6.0928,1.8,1.61933,1.3,0.948683,53.9,15.5881,258.7,49.6075,0,0,0,0
440,457.7,76.8217,174.6,34.4196,200.9,34145,27,6.89605,1.1,1.37032,1.3,0.948683,52.8,15.3681,257.2,50.2478,0,0,0,0
441,460,77.5428,175.7,34.4482,200.4,33.8237,28.6,7.3967,1.1,1.37032,1.5,1.08012,52.7,15.1808,255.6,50.9601,0,0,0,0
442,461.8,77.0509,176.8,34931,199.8,31.5552,31.1,9.35058,1.5,1.71594,1.5,1.08012,51.1,16.0031,254.4,51.5799,0,0,0,0
443,464.4,77.1135,178.3,34.8522,200,31.1413,31.8,9.08968,1.5,1.17851,1.5,1.17851,51.3,15.5567,253,52.1067,0,0,0,0
444,466.1,76.5861,179.8,34.6724,199.1,30.4611,34.1,10.7647,0.9,0.994429,1.4,1.17379,50.8,16818,251.9,52.0437,0,0,0,0
445,468.8,77136,180.7,34.3804,200.7,33012,34,10.0111,1.2,1.31656,1.7,1.25167,50.5,15.0794,250.5,51.9984,0,0,0,0
446,471.5,76696,181.9,34.6617,200.1,35.3127,34.3,10.5098,2.8,2.14994,1.7,1.25167,50.7,14.0558,249.1,51.9133,0,0,0,0
447,474.8,76921,184.6,33384,201.7,34.9954,32.9,11.3181,1.7,1.25167,2,1.49071,51.9,13.94,247.9,52.5303,0,0,0,0
448,477.2,77.0668,186.3,33.0658,202.9,36.8765,33.5,10.7935,1.5,1.84089,2.2,1.47573,50.8,11.66,246.5,52863,0,0,0,0
449,479.4,77.1869,187.6,33.8467,202.1,37.6104,35.3,10.2421,0.6,0.699206,2,1.24722,51.8,12.4168,244.4,53.4711,0,0,0,0
450,482.8,77617,188.2,34.0483,201.8,37.8441,35,10.7083,1.2,0.918937,1.8,1.39841,54.8,13.8066,243.1,53.9268,0,0,0,0
451,487.4,79.5769,189.4,34.1539,202.4,35.7435,33.1,11.0096,1,1.24722,1.6,1.3499,59.9,17.9224,241.6,53.4108,0,0,0,0
452,490.1,81.0699,190.4,34.4712,202.3,35.6247,33.6,10.6896,1.2,1.39841,1.7,1.70294,60.9,17.0127,239.9,53.1046,0,0,0,0
453,494.3,82.9592,191.6,33.8237,200.2,35.7671,32.7,10133,2.8,1.68655,1.6,1.7127,65.4,20.6946,238.2,52.9524,0,0,0,0
454,497.1,82.9142,194.4,33.6095,201.4,38.0386,33.3,9.63846,1.3,1.82878,1.2,1.47573,65.5,19.3233,236.6,52.8061,0,0,0,0
455,499.9,82.3238,195.7,35.0525,200.5,35.9266,34.2,9.64711,1.2,1.22927,1.9,1.79196,66.4,20.1285,234.9,52.9475,0,0,0,0
456,501,82.3542,196.9,35.1803,202.5,35.0373,35.3,10.2746,1.7,1.76698,1.7,1.76698,62.9,21.4033,233.6,53.3837,0,0,0,0
457,504.1,82048,198.6,35.1637,202.6,33.3273,34.2,11.0935,2.7,3.16403,1.8,1.98886,64.2,20.6279,232,53.3583,0,0,0,0
458,507.7,81.7218,201.2,35.5428,202.4,33.4505,33.4,10.7103,1.8,0.918937,1.8,1.75119,67.1,19.6381,230.1,53.7348,0,0,0,0
459,510.6,82.4327,202.9,35.3505,206,35.8856,33,7.80313,0.7,0.674949,1.8,1.75119,66.2,20.4004,227.7,53.6906,0,0,0,0
460,513,83.7682,203.6,35.5346,209.5,37.7484,33.5,7.27629,1.2,0.918937,1.9,1.72884,63.3,21.2658,225.3,54.3283,0,0,0,0
461,515.9,84303,204.8,35.7299,210.7,39.9251,32.9,6.74043,1.9,1.79196,1.7,1.41814,63.9,20.2015,224.2,54.6967,0,0,0,0
462,518.8,84.7123,206.6,35.3874,215,43.2101,32,6.4291,1.8,1.0328,1.8,1.61933,61.6,18.5784,222.9,55274,0,0,0,0
463,522.2,83.8581,208.2,35.5959,216.9,41.7704,31.3,7.6019,0.7,1.05935,1.9,1.52388,63.2,18.1157,221.4,55.7578,0,0,0,0
464,525.2,83.8077,208.9,35.7039,217.1,40.6734,31.6,6.7363,1.1,1.19722,1.2,0.918937,65.3,18.3911,219.7,55.7874,0,0,0,0
465,527.5,84.2684,210,36.3287,214.7,40.4366,32.9,8.19824,1.8,1.61933,1.3,1.05935,66.8,18.1586,218.3,56.1467,0,0,0,0
466,528.8,84.4285,211.6,36.7822,215,38.1488,35.3,8.87005,1.2,0.918937,1.1,1.19722,64.6,19.0858,216.9,56.2622,0,0,0,0
467,532.1,84.8835,212.8,37.1777,216.6,37.3637,36.1,8.04777,1.9,1.52388,1.2,1.22927,63.5,19.0861,215.3,56008,0,0,0,0
468,534.5,84.3106,214.7,36518,217.1,39.0454,37.2,9.05293,1.6,1.26491,1.3,1.1595,62.6,14.3697,214,56.3146,0,0,0,0
469,537.1,84763,216.3,36.0433,217.3,41465,37.2,9.75021,0.9,0.875595,1.5,1.08012,63.9,13.9718,212.7,56.9816,0,0,0,0
470,539.9,83.6294,217.1,36324,218.4,40.7518,38.7,12.0005,1.2,1.13529,1.7,0.948683,62.8,12363,211.2,56.6447,0,0,0,0
471,542.1,83.2045,218.2,36.6448,219.7,42.0186,40.2,12.1637,1,1.33333,1.7,0.948683,61.3,12.2025,210.1,56.9394,0,0,0,0
472,544.5,83.1401,219.2,36.4929,220.6,38.3875,40.8,13365,2.5,1.58114,1.8,1.0328,59.6,14.5846,208.5,57.1669,0,0,0,0
473,548.6,83.8825,221.6,36.5641,222.4,39.2151,40.9,14.9774,1.8,1.13529,1.7,1.1595,60.2,12.4615,207.3,57.0108,0,0,0,0
474,551.3,84.9209,223.3,36.4266,221.6,39.7749,40.9,14.5713,1.2,1.13529,1.7,1.25167,62.6,14.3697,206.2,56.9908,0,0,0,0
475,555.3,86.0091,224.5,36.21,219.3,38.7529,40.5,13.2434,1.9,1.59513,2.2,1.75119,66.9,15.7229,205,56.8018,0,0,0,0
476,558.7,85.4167,226.3,35.7617,221.2,39.2224,39.7,13.3837,1.7,2.05751,2.1,1.66333,67.7,14.1974,204,56.8722,0,0,0,0
477,562.3,85.3738,227.8,34.6596,222.7,37.2113,38.9,13.4697,1.2,1.13529,1.8,1.54919,69.9,16.8024,202.3,56.8625,0,0,0,0
478,564.9,85.9062,228.9,34.2457,222.8,38.1861,40.7,13.4994,1.3,2.05751,1.7,1.82878,69.5,17.9645,200.8,57.0629,0,0,0,0
479,568.6,86.5258,230.2,34344,224.5,36.9151,39.3,12.0374,1.1,0.994429,1.7,1.56702,71.8,22.2501,199.3,57.3567,0,0,0,0
480,571.6,85.9886,231.3,33.8265,223.2,35.3893,39.9,13.0252,0.9,0.994429,1.7,1.56702,74.6,22.53,197.8,56.7779,0,0,0,0
481,575.1,87.3161,232.2,33.4525,224.2,36.4838,39.4,12.3036,1,1.05409,1.6,1.50555,76.7,25373,196.1,56.2859,0,0,0,0
482,579.2,88.6175,233.2,33.9405,227.6,37.7453,38.6,11.1873,1.5,1.17851,1.8,1.47573,76.5,27.5207,194.3,56.5038,0,0,0,0
483,581.6,89.5051,234.5,33.9714,229.7,39.9862,38.3,10.2637,1.7,1.33749,1.6,1.50555,75.8,25.5117,192.5,56.6809,0,0,0,0
484,583.9,89.8263,236.2,33694,230.3,40.0001,38.5,8.80972,2,1.76383,1.3,1.33749,75.6,23.5806,190.7,57.4612,0,0,0,0
485,586.2,90.2894,238,33.5029,233.7,38.9845,38.2,8.27043,1.2,1.39841,1.7,1.70294,73.4,23857,188.7,57635,0,0,0,0
486,588.8,90.3448,239,33.6419,235.4,38.1378,38.5,9.11958,1.7,2.05751,1.9,1.59513,72.3,24.1249,187.1,58.0755,0,0,0,0
487,592.2,90.4505,240.6,33.8336,234.7,40.0196,37.9,6.72392,1.8,1.54919,1.8,1.47573,75.4,24.5502,186.2,57.6441,0,0,0,0
488,594.1,90.2151,242.4,34.3453,236.4,42.4583,39.3,7.64562,1.5,1.58114,1.8,1.39841,72.7,21.1715,184.7,57.9829,0,0,0,0
489,598,90533,243.8,35.3484,236.2,40.4222,39.8,8.61265,1.6,1.57762,1.9,1.52388,74.7,23.2525,183.5,57.6315,0,0,0,0
490,600.5,90.0238,245.3,34.6155,236.7,42.6928,40.6,9.34761,2.4,1.95505,2.1,1.79196,73.4,21.3552,182,57.9272,0,0,0,0
491,603.2,89.4363,247.7,33.6916,239.5,43.9375,40.2,10.3473,1.5,1.58114,2.1,1.66333,72.2,19.0076,179.6,57.9122,0,0,0,0
492,605.7,89449,249.2,33542,240.5,46591,41,10.8423,1,1.24722,2.4,1.7127,71.6,17.7213,178.6,57.3163,0,0,0,0
493,608.5,89.0796,250.1,33.2581,241.9,46962,41.5,10168,1.2,1.22927,2.1,1.37032,71.7,14.8178,177.1,57.6781,0,0,0,0
494,610.3,89614,251.2,32.3859,242.4,47.5399,42.3,8.84496,1.2,1.68655,1.9,1.1005,71.3,14.4994,175.9,57.5335,0,0,0,0
495,612.5,89.2515,252.3,32.5134,242.5,46003,43.4,8.79646,2.5,2.4608,1.8,1.13529,70,16.4046,174.5,58.1077,0,0,0,0
496,616.4,89.0645,254.8,33.1119,244.7,46.7738,44,10.4456,1.2,1.22927,1.8,1.13529,69.9,11.7137,172.8,57.5515,0,0,0,0
497,620.2,88.2066,256,33.1595,245,47406,43.7,10.9143,0.9,0.875595,1.8,1.47573,72.8,13.1724,171.7,57.2966,0,0,0,0
498,624,88.9119,256.8,33.0178,247.5,48.7288,42.4,10.9666,1.7,2.75076,1.9,1.52388,73.7,15.1881,169.7,57.3741,0,0,0,0
499,627.2,88.9054,258.5,34.4714,247.2,47.3892,42.6,12.1033,1.6,1.3499,1.7,1.41814,75.6,16.6079,167.6,57.9831,0,0,0,0
500,629.2,89.2024,260.1,35.0601,247.5,45329,43.5,12.9293,1.8,1.54919,1.7,1.49443,74.6,17.84,165.6,57.6854,0,0,0,0
501,632,90.5084,261.9,34.6521,248.7,46.8545,43,11.8977,1.3,1.63639,1.6,1.26491,75.5,18.4346,164.6,57475,0,0,0,0
502,635.3,90.3844,263.2,34.4022,249.7,44.6021,42,10.3816,1.2,1.54919,1.8,1.47573,77.4,16.5274,163,57.8888,0,0,0,0
503,637.8,89.7971,264.1,34.5686,248.6,43.7549,42.4,11.4523,1.5,1.95789,1.8,1.31656,79.4,14.1437,162.1,57.8436,0,0,0,0
504,641,89.8208,265.5,35.3247,249.2,44.3566,42.6,12.2855,1.4,2319,1.7,1.1595,80.6,13.4841,160.9,57.8647,0,0,0,0
505,644.5,89.7481,266.7,34.4385,252.4,42.5812,40.3,11.3534,1.7,1.49443,2,1.24722,81.4,17.1607,158.9,57.6608,0,0,0,0
506,647.2,89.7253,268.3,33.9544,256.6,41.35,38.9,12.1879,1.6,1.07497,1.8,1.0328,80,18.5532,157.9,57.6357,0,0,0,0
507,648.4,90.9398,269.7,33.9282,258.2,42.6062,39.2,11.6123,2.7,1.82878,1.6,1.07497,77,19.2123,156.7,57.5095,0,0,0,0
508,651.7,92.0025,272.4,33.7843,260.1,41.7198,38.6,10.2545,1.8,1.54919,1.7,1.1595,77.1,21.8553,155.5,56.6338,0,0,0,0
509,654.6,92.2595,274,33.4299,259,40.5545,39.7,11126,0.8,1.61933,1.5,1.2693,79.6,22.0414,153.8,56.5289,0,0,0,0
510,656,92.0905,274.7,33.0926,260.3,41.5533,40.6,11.0373,1,1.24722,1.5,1.08012,77.9,19.3646,152.2,56.4344,0,0,0,0
511,658.9,91.5441,275.7,33.0993,262.2,42.6896,40.7,12.3563,2.1,1.59513,1.3,1.05935,76.9,17.6601,150.8,56164,0,0,0,0
512,662.3,92.2389,277.5,33.8042,264.5,41.5405,39.7,11.8888,0.9,0.994429,1.1,0.737865,78.6,20277,149,55.6337,0,0,0,0
513,665,92.1159,278,33.6419,265.1,40.7498,40.3,10.4886,1.7,2.16282,1.2,0.918937,78.7,21.4012,147.4,55.9289,0,0,0,0
514,665.2,91.1248,279.6,34.2157,266.6,37651,41.5,12.2134,3.3,2.21359,1,1.05409,73.2,19.1706,146,55849,0,0,0,0
515,666.9,91.6545,282.8,35.0549,267.6,35.88,43.3,12.8413,1.6,1.89737,1,1.05409,70.6,20.2441,145.1,55.82,0,0,0,0
516,669.3,91.0727,284.4,34.9705,266.6,36.4088,43.8,13.0282,1.1,1.1005,1.1,0.994429,72.3,19.7712,143.8,55.6752,0,0,0,0
517,671.3,90.7084,285.5,34.8018,266.8,37.2374,45.6,14.7287,1.7,1.63639,1,1.05409,70.7,17.3016,142,55.1926,0,0,0,0
518,674.3,90.7145,287,34.6089,267,37.7153,46.5,14.4549,0.7,1.1595,1.2,1.0328,71.9,18.8057,141.6,55.3699,0,0,0,0
519,677.4,90.5492,287.5,34.5937,266.7,37.8566,45.9,15.0956,1.3,0.823273,1.4,1.07497,74.6,18.8043,140.8,55.1338,0,0,0,0
520,680.6,91.0851,288.8,34.1461,267.7,36.8301,47,14.6363,1.5,1.84089,1.4,1.07497,74.2,20.5902,139.5,55.1065,0,0,0,0
521,683.3,90.9445,290.2,33.9503,271.5,39.8811,47,15.3478,0.9,0.875595,1.6,0.966092,72.1,20.4475,138.7,54.8494,0,0,0,0
522,686.8,90.2168,290.9,33.6236,274,40.9173,44.9,15.8286,1,0.942809,1.8,0.788811,74.2,17.85,137.8,54.8347,0,0,0,0
523,688.8,91553,291.7,33.3768,272.9,39.2384,44.8,15.4905,0.9,0.994429,2.1,0.994429,76.4,20.8391,136.7,54.5121,0,0,0,0
524,692.3,92263,292.3,33.6156,269.5,37.8396,45.2,14.2189,2.4,2.22111,2.5,0.971825,80.4,22.9163,136,54.2545,0,0,0,0
525,694.9,91.8966,294.6,34.6737,267.8,34.8992,46.4,13842,1.7,1.41814,2.9,0.875595,81.5,22.6826,134.5,53.4816,0,0,0,0
526,698.3,92.1147,296,34973,265.5,34.7539,46.3,12.4191,2.4,2.67499,3.4,0.966092,84.7,26.23,133,53.8455,0,0,0,0
527,701.8,92.3156,298.3,34.6989,269.1,36.0106,43.8,12.1546,1.2,1.13529,3.4,1.17379,86,25.4733,131.6,53.8892,0,0,0,0
528,703,90.3401,299.3,34361,268.9,36.2873,45.5,12.7997,1.8,1.93218,3.1,1.1005,84.4,26.2009,130.3,53.3043,0,0,0,0
529,706.1,90.7677,300.9,33428,270.1,38.5442,44.6,12.6596,1.9,2.02485,3.1,1.1005,85.5,23.9919,129,52616,0,0,0,0
530,708.1,90.2373,302.5,32.2327,269.4,37.2027,45.7,12.85,1.6,1.83787,3,1.24722,85.9,25.6751,128.4,52.8881,0,0,0,0
531,708.6,89.4057,303.8,32.2311,272.8,36.6388,46.4,13.2933,1.5,1.17851,2.8,1.13529,81.3,27.6086,127.6,53.2003,0,0,0,0
532,711.1,89.6443,305.2,31.8322,274,39.3531,47,13.7113,0.8,1.0328,2.5,1.71594,81.6,26.8088,126.1,52.8887,0,0,0,0
533,713.2,89.8416,305.6,31.7217,275,40852,47.7,12.3293,0.6,0.516398,2.2,1.54919,82.1,23.7368,124.7,53.4063,0,0,0,0
534,716.1,89.8745,305.8,31407,274.7,40.2659,47.1,11.9856,1.6,1.42984,1.7,1.33749,85.2,23.7431,123.9,53.2425,0,0,0,0
535,719.8,90.5131,307.4,32.2807,277.6,43.2928,45.9,11.7988,1.2,1.54919,1.4,0.966092,86.3,22.9204,122.2,52.8621,0,0,0,0
536,720.3,88673,308.3,31.1771,280,44597,47.9,12758,0.9,0.737865,1.5,1.08012,81.7,22.7208,120.8,52531,0,0,0,0
537,723.3,87.0607,308.6,31.1812,276.8,40.0244,47.7,12.85,3.9,7.35527,1.5,1.2693,84.8,22.9918,119.5,52.5806,0,0,0,0
538,725.8,86.7625,312.5,31.2134,277.7,40.6477,49.1,14059,1.3,1.25167,1.9,1.66333,83.3,21.6387,118.2,52.6451,0,0,0,0
539,729.7,87.0518,313.8,31.0082,278,40.3622,49.7,14.6443,1.2,1.39841,1.8,1.31656,85.2,22.5033,117.4,52.8629,0,0,0,0
540,731.3,87.1156,314.8,30.3674,274.8,41.4723,52,15.1584,1.6,1.3499,1.7,1.41814,86.4,22.6431,116.3,52.2984,0,0,0,0
541,733.6,88.5101,316.1,30.4684,273.5,41.1157,53.8,14.1955,1.6,1.26491,1.9,1.52388,86.7,24.2993,115.8,52.0871,0,0,0,0
542,736.5,87.1796,317.6,29.8671,275,40.6311,52.7,14.1347,2.1,1.72884,2.1,1.52388,87,20.5643,114.8,52.6473,0,0,0,0
543,739.1,86.0948,319.4,30.2846,277.5,39.4863,51.8,15.0466,1.9,2.37814,2.5,1.95789,86,21.0026,113.2,51.8133,0,0,0,0
544,740.9,85.0744,320.4,30.8012,282.4,38.5031,50.6,15.6432,1.6,2.01108,2.6,2.17051,83.3,20.3855,112,50.6228,0,0,0,0
545,743.3,84.9366,321.5,30.1487,278.9,36.4766,52.5,17.7654,0.9,1.59513,2.7,2.21359,86.8,21.1755,111,50.2328,0,0,0,0
546,745.2,83.5355,321.5,28.9454,281.2,35.3264,51.2,16.7915,1.7,1.56702,2.9,2.18327,86.7,22.6816,109.8,49846,0,0,0,0
547,749,84.9222,322.8,28.1614,281,34.4319,49.9,15.0514,2.7,1.82878,2.5,2.01384,90.1,26.0318,108.2,48.9167,0,0,0,0
548,752.6,84802,325.4,27.7777,281.8,33.5122,50.6,14.9086,1.8,1.61933,2.9,2.13177,90.1,25.9634,106.7,48.5845,0,0,0,0
549,755.8,84.5035,326.7,27.6528,280,34.4803,49,14.7422,1.8,2.09762,3,2.26078,95.3,27837,106,48.1456,0,0,0,0
550,759.7,85.3842,328.2,27.2348,279.6,35.5002,48.4,13938,1.2,1.54919,2.9,2.42441,99.4,26099,104.7,47.8494,0,0,0,0
551,760.2,85.1114,328.9,27.4001,280.8,36.7538,48.9,12.0596,1.5,0.971825,3,2.21108,97.1,25.2386,103.8,47.6907,0,0,0,0
552,762.1,85.2935,330.2,28.1772,282.1,37.0719,49.4,10.7827,2,1.63299,3.1,1.52388,95.3,26.4619,103.1,48.1282,0,0,0,0
553,761.8,85.7345,331.9,28.9039,283.2,35.9685,50.1,10.6505,1.2,1.81353,3.2,1.54919,92.2,27.2633,102.1,48.1166,0,0,0,0
554,764.9,85.7172,332.1,28769,284.8,36.2822,48.7,10.9651,1.2,1.75119,2.9,1.59513,95.2,30.9903,101,47.6095,0,0,0,0
555,764.9,84.6397,332.9,28.1127,287.4,35.0625,48.8,12.4971,0.8,0.788811,2.8,1.61933,92.2,29.0509,99.8,47107,0,0,0,0
556,765.5,83.4522,333.3,27.8689,288.3,35.0905,49.9,14.6625,1.2,1.0328,3.2,1.54919,89.6,25.1095,99.3,47.0698,0,0,0,0
557,767.7,83.1719,333.8,28.1654,289.6,35.0403,49.2,13.9427,1.5,1.35401,3,1.94365,90.6,25.1007,98.7,47.4834,0,0,0,0
558,770,82.6788,334.9,27469,293,32.7787,49.9,15.4377,2,1.76383,3.2,2.14994,87,24267,97.9,47.5615,0,0,0,0
559,773.1,82.0385,336.5,28.1553,295.8,34107,51.2,15.4042,1.5,1.17851,3.1,1.79196,85,22.6961,97,47338,0,0,0,0
560,775.3,79.4062,337.2,28.5805,293.8,34.6564,50.8,15.2447,2.3,1.25167,3,2.3094,88.2,19.24,95.8,46.69,0,0,0,0
561,777.3,78.3511,339.3,28.0795,293.6,35.9543,51.6,16.3177,1.9,1.59513,2.6,1.77639,88.3,17.9013,94.9,46.3452,0,0,0,0
562,778.6,78.6585,340.5,28.3794,290.1,37.6134,53.2,16851,2.6,2.22111,2.2,1.39841,90,17.4738,93.8,46.1129,0,0,0,0
563,780.9,78.1131,342.7,27.9287,290.2,38.4557,54.4,17.3794,2.9,2.28279,2.2,1.13529,88.5,19.4494,93.1,45.6957,0,0,0,0
564,780.9,78.1245,344.8,27.9038,287.9,37.1766,56.3,15.9238,1.1,0.737865,2.2,1.22927,88.6,21.0301,92.4,45.8844,0,0,0,0
565,782.3,78.9937,345.5,27561,286.6,36.9059,57.4,14.6151,1.7,1.41814,1.8,1.31656,89.3,24.4224,91.6,46.0126,0,0,0,0
566,784.4,79.4008,346.7,27.2562,287.8,36.3251,57.6,14.6758,2.4,3.50238,1.8,1.68655,88.1,22.6444,90.9,45.8365,0,0,0,0
567,786.2,79.5471,348.1,27.2089,287.9,36.4034,58.5,13.1255,1.2,1.13529,1.5,1.35401,89,24.7072,90.2,45.4357,0,0,0,0
568,789.9,79.5885,348.6,26.8543,289.3,35.7213,56.7,12.1842,1.7,1.33749,1.3,1.33749,92.3,25.6474,89.5,45.6101,0,0,0,0
569,791.2,78.8991,350,26.7789,290.7,32163,55.7,12.6056,2.9,4.97661,1.4,1.17379,90.5,25.4482,88.9,45.3859,0,0,0,0
570,794,78.6427,352.3,29.7547,290.8,27438,55.7,13.8648,1.4,1.77639,1.4,1.26491,92.4,27167,88.1,44.7076,0,0,0,0
571,794.8,78.0638,353.1,29.3805,290.3,25.8974,54.2,13.6284,1.8,1.47573,1.5,1.35401,93.9,27.0286,87.8,44.3616,0,0,0,0
572,797.7,78.3114,353.9,28.4974,292.1,25.4141,53.4,13.0911,1.3,1.63639,1.6,1.3499,95.4,27.6052,87,43.6272,0,0,0,0
573,799.2,76882,354.2,27.8919,291,26.8245,52.3,12.8759,2,1.82574,1.6,1.17379,98.1,24.8393,86,42.9806,0,0,0,0
574,802.2,78.4231,355.7,28.0081,289.4,30.3798,51.4,11.9369,4.1,4.65355,1.7,1.1595,99.9,23.2113,85.2,43.0524,0,0,0,0
575,803.8,78607,359.3,29.0404,289,29.2499,51.9,11827,1.7,1.63639,1.9,1.44914,100,23.8328,84.4,42766,0,0,0,0
576,806.1,77.6136,360.3,29174,288.2,31.4282,52,11.9629,1.9,1.52388,2.2,1.47573,101.5,21.4644,83.6,42.5185,0,0,0,0
577,807,77.2802,361.1,28.7033,290.2,32.4476,52.7,11.8326,1.5,1.64992,2.6,1.64655,98.9,20.3822,83,42.7291,0,0,0,0
578,808.1,76.4191,362.2,28.7704,289.5,30.7689,53.9,11.2393,1.2,1.75119,2.9,1.52388,98.4,20.8976,82.2,42.1078,0,0,0,0
579,810.4,77.4571,362.7,28663,292.1,31.1036,52.2,10315,1.8,1.68655,3.1,1.66333,98.5,23.6091,81.1,42.2596,0,0,0,0
580,810.7,75.6175,363.6,27.3626,293.9,31.9494,51.9,10.1811,1.7,1.49443,3.2,1.61933,96.4,22.8775,80.6,41.9158,0,0,0,0
581,811.8,74.5129,364.2,26.5363,295.3,32163,52.5,9.99166,2,1.41421,3.1,1.59513,94.7,21.9446,79.9,41797,0,0,0,0
582,813.7,73.5241,365.9,27.27,297,31.1805,52.6,11.7208,2.8,2.34758,2.9,1.44914,92.5,21.8136,79.3,41.3979,0,0,0,0
583,815.4,72.7251,368.1,27.0409,298.5,32.1256,53.7,10.9853,1,0.816497,3.2,1.61933,90.9,18947,78.7,41.4891,0,0,0,0
584,817.2,70.7653,368.4,26.6883,297.6,32077,55.3,11.8701,1.2,1.0328,3.3,2.11082,91.4,18.6798,78,41.5077,0,0,0,0
585,819.3,70451,368.8,26.6033,299.2,31.5059,54.3,12.3473,2.4,2.83627,3.2,1.8738,91.4,21.1776,77.5,41.5485,0,0,0,0
586,820.7,70.2726,370.4,26.7465,298.4,29.7441,55.5,12.6513,1.1,1.44914,3.2,1.61933,92.1,20.5451,76.8,40933,0,0,0,0
587,822.3,68.9461,371,26.2805,296.2,29.6266,55.3,13.0388,1.4,1.57762,2.8,1.61933,95.6,20.2111,75.9,40.5968,0,0,0,0
588,823.2,68.9634,371.7,26.1663,298.9,34.1026,56.3,12.6408,0.8,0.788811,2.6,1.57762,92.9,18.5619,75.8,40.6251,0,0,0,0
589,823.6,68328,371.9,25.9506,299,34.1598,56.5,12.9979,1.7,2.05751,2.2,1.54919,92.3,18.7975,75.2,40.1547,0,0,0,0
590,826,69.0604,373.1,24.7855,297.8,32.8525,56.9,11.9485,3,2.66667,2.2,1.68655,93,18.7261,74.4,39.8168,0,0,0,0
591,827.2,69.7691,375.2,24.9212,298.5,33.2641,56.6,12.1765,1.6,1.26491,2.2,1.31656,93.1,21042,73.9,39.7141,0,0,0,0
592,829,69.9015,376.2,24.6071,298.7,31.8121,55.4,13.0656,1.7,1.88856,2.1,1.66333,94.9,20.4909,73.5,39.8811,0,0,0,0
593,832.2,71.5042,377.4,24.7081,299.9,33.0671,53,10.3494,1.9,2.37814,1.8,1.8738,98.2,22.6264,73,39.1493,0,0,0,0
594,833.6,72.1144,378.2,24.2386,302.5,34.04,53.3,9.68447,1.3,1.25167,1.7,1.82878,96.6,23.3248,72.7,39.1778,0,0,0,0
595,835.7,72.0016,379,23.6314,301.8,33.1957,53.1,9.55045,2.2,1.68655,1.7,1.63639,97.9,23326,71.4,38.5982,0,0,0,0
596,836.7,71.1978,380.2,23.4132,302.2,30.2537,53.7,10.3177,2.2,3.19026,1.8,1.31656,96.6,23.5476,70.8,37.9467,0,0,0,0
597,838.8,70.8313,381,23.0699,301.5,30.9201,53.9,11.09,1.7,1.05935,2,1.1547,98.7,23627,70.3,37.4197,0,0,0,0
598,840.1,69.6251,382,22.5783,301.3,31.2376,54.3,11324,2.3,2.31181,2.3,1.33749,97.9,23.0866,69.3,37259,0,0,0,0
599,842.8,69.5714,383.1,21.6253,302.3,32.7042,52.2,10.9118,2.7,4.16467,2.5,1.64992,100,20.7096,69.2,37.3744,0,0,0,0
600,843.2,68.4199,384.3,24.2444,303.6,31.7357,50.4,11.0574,2.6,3.97772,2.5,1.64992,99.8,20.8742,68.3,36.9295,0,0,0,0
601,844,66.8846,385.8,24.3164,304.6,30.4091,50.5,9.95825,2.6,2.67499,2.4,1.50555,98.1,22.1733,67.8,36.8806,0,0,0,0
602,843.8,64.2509,387.4,22.9405,308.6,31952,51.3,11.8138,1,0.942809,2.3,1.49443,93.2,16.6853,67.2,36.7085,0,0,0,0
603,844.2,63.3646,387.5,22.5795,308.1,32692,52.2,10.5599,0.8,1.31656,2.7,1.94651,92.9,15.6166,66.7,36.5211,0,0,0,0
604,846.4,62.7255,386.8,21.5706,308.9,33.2748,52.5,11.9745,2.2,3.29309,2.9,1.52388,93.1,15.6521,66.2,36.5811,0,0,0,0
605,847.8,62382,388.2,22.4192,306.6,31.7462,53.6,11.6256,1.3,0.948683,2.9,1.66333,95.2,16943,65.8,36.4045,0,0,0,0
606,849.4,62.9536,387.9,22.8932,308.2,29.8507,53.4,9.95769,1.2,1.47573,2.8,1.75119,95.9,17.7103,65.1,36.4279,0,0,0,0
607,850.8,63.1221,388.8,23.0593,307.2,29664,54.3,8.61588,1.8,3.11983,2.7,1.88856,96,17.1205,64.6,35.8491,0,0,0,0
608,851.1,61515,389.7,23.3002,307.7,28.2727,55.6,10.1893,2.3,1.70294,2.8,1.75119,93,16.7398,64,35.9073,0,0,0,0
609,851.5,60.5443,391.6,23.2532,307.5,27.6657,57.5,10.9367,2.3,3.94546,2.9,1.91195,89.7,16.3098,63,35.5371,0,0,0,0
610,853.2,59.9793,393.1,24.0483,306.4,24.3274,58.4,12.4294,1,1.24722,3.3,1.63639,91,14.1814,62.8,35339,0,0,0,0
611,854.3,61.4239,393.4,24.2771,304.5,21.9912,60.2,12.5415,0.7,0.948683,3.6,1.64655,91.9,18.6812,62.3,34.3933,0,0,0,0
612,855.5,59476,393.4,23.4293,301.8,20.8583,59.1,13.3454,3,2.26078,3.4,1.26491,94.8,16.4978,61.9,34.0243,0,0,0,0
613,857.7,58.6497,395.7,24.1157,304,20.9284,57.8,11.4387,2.1,1.79196,3.2,1.22927,94.9,18.8294,61.8,34.0614,0,0,0,0
614,862,59.3427,397.3,23.4476,305.1,22.5115,56.7,11.0056,1.9,1.37032,3.4,1.57762,97.6,19346,61.4,34.2838,0,0,0,0
615,863.6,59.6344,397.9,23.9557,307.4,25.5352,55.8,12.3989,1.5,2.06828,3.4,1.95505,97.6,17.4496,61.2,34.2565,0,0,0,0
616,864.7,57.9042,398.3,22.47,305.9,25.9077,56.2,12.0812,1,1.33333,3.5,2.01384,99.8,14.6196,60.6,33.8369,0,0,0,0
617,865.5,59.0616,398.3,21182,303.4,25.3386,57.8,12309,1.5,1.43372,3.2,1.68655,101.3,15.7201,59.8,33.2793,0,0,0,0
618,867.2,58.0781,398.5,21.4437,302.5,23.3726,57.4,11.9369,1.6,2.17051,3.3,1.76698,103.9,17.4512,59.5,33.3042,0,0,0,0
619,868.8,58.8101,399.3,21.0452,302,22.4895,57.5,11.3456,2.6,2.79682,3,1.88562,104.4,20457,59.1,33.4446,0,0,0,0
620,870.9,58.9151,401.1,20.7763,303.4,22.3865,56.6,10.2437,1,1.05409,2.5,1.90029,106.3,19.3853,58.4,33.2873,0,0,0,0
621,871.5,58.6141,401,20.0056,305.1,21.9972,56.6,9.34761,1.9,2.13177,2.6,1.3499,104.3,21.8736,58,33.1595,0,0,0,0
622,872.6,57.5253,402.2,20.1207,305.7,23.5846,58.3,10.2204,2.1,3.24722,2.7,1.82878,101.6,18.5484,57.8,32.9437,0,0,0,0
623,873.7,57.5172,403.2,21.5293,308.1,25.7788,58.7,9.91127,2.4,1.7127,2.3,1.49443,99,17.7075,57,32.4859,0,0,0,0
624,875.1,57.5412,405,21.6179,308.4,25.4305,60.1,10.8674,1.7,1.41814,2.5,1.43372,97.4,20.2441,56.5,32.5209,0,0,0,0
625,875.9,57.6955,405.3,21.4168,308.3,26.5458,59.7,10.7088,1.7,2.16282,2.6,1.07497,98.3,21.0241,56,32.3557,0,0,0,0
626,879,57.2014,406.2,20.5037,308.5,29.7928,57.9,11.2689,1.7,1.70294,2.9,0.994429,101.8,19.6909,55.7,32.0245,0,0,0,0
627,879.1,56.1535,406.3,19.9112,306,30.4266,61.3,9.93367,2.2,2.20101,3.1,0.994429,100.2,18.7901,55.1,31.4623,0,0,0,0
628,881.3,55.4918,407.6,20134,306.9,33.1711,61.5,8.46233,1.1,1.52388,2.9,1.28668,101.3,16.5868,54.6,31.4402,0,0,0,0
629,882.2,54.9521,406.7,20.2926,308.2,31.5552,61.6,8.59199,1.8,1.47573,3,1.24722,100.9,16.2169,54.3,30.9266,0,0,0,0
630,883.1,52.7456,407.5,19.62,307.4,31.7602,60.9,6.48845,2.5,3.40751,2.7,1.49443,102.1,15.2056,53.5,30.9991,0,0,0,0
631,882.6,52.1093,408.4,18.2647,306.5,31.2312,60.1,6.82235,1,1.1547,2.7,1.82878,103.9,17.0714,53.2,30.9473,0,0,0,0
632,883.5,50982,408.3,18.1601,307.3,30339,59.8,7.98332,2.1,4.22821,2.9,1.96921,103.1,16.6029,52.6,30.6094,0,0,0,0
633,885.9,50.5183,409.3,19.6754,306.2,30.0917,59.1,6.75689,1.6,1.7127,2.8,2.25093,106.9,20653,52,30.4521,0,0,0,0
634,886.8,50.6377,409.5,20.0291,306.8,30.4441,58.6,7.7057,2.2,1.81353,2.6,2.1187,107.1,20.7924,51.9,30.4465,0,0,0,0
635,887.4,49327,410.7,20.5267,310.9,32.2644,58.5,9.81212,1.9,1.79196,2.2,1.75119,103.2,21.1334,51.1,29.8829,0,0,0,0
636,888.7,50.5152,410.9,19.2668,310,32.2318,55.8,9.91968,2.5,3.2059,2.1,1.96921,107.4,18.9455,50.3,29048,0,0,0,0
637,889.9,49.0384,411.8,20.2144,312.1,32.4635,55.4,10.5746,1.6,2.1187,2.5,1.77951,106.5,17.0701,49.6,28.4496,0,0,0,0
638,892,49.3018,412.1,18.9177,311.9,29.9535,55.8,11.7738,2.1,2.42441,2.7,1.56702,107.4,16.7146,49.3,28527,0,0,0,0
639,892.7,47.8633,412.5,17.7654,313,31.6684,56.1,11.3964,1.8,2.29976,3,1.49071,106.3,12.9962,49,28.3549,0,0,0,0
640,893.7,48.8309,413.2,17.3833,313.3,31.6861,57.9,10.8878,1.2,1.0328,2.9,1.59513,105.2,15612,48.7,27.7691,0,0,0,0
641,894.2,48.4924,413.8,16.8839,311.8,27.6598,57.6,11.7964,3.2,3.55278,2.7,1.25167,105.1,18.0336,48.3,27.4997,0,0,0,0
642,895.2,47.1353,416.4,17.0372,311,27.0308,58.6,9.47746,3.2,3.48967,2.8,1.61933,103.2,13.4065,48.3,27.4997,0,0,0,0
643,895.8,47.1612,417.7,18.3367,313.2,28.7897,57.1,9837,1.7,1.25167,2.7,1.63639,103.4,15.5721,47.7,27.3132,0,0,0,0
644,896.9,47.0212,418.3,18.2212,314.4,27589,57.3,10.5098,0.6,0.843274,3.2,2.25093,103.1,18.0459,47.4,27.3626,0,0,0,0
645,898.1,46.9644,418.1,18.0028,318.8,29.0586,58.2,9.81835,1.5,1.64992,3.1,2079,98.4,15.7635,47.1,27.3433,0,0,0,0
646,899.3,46864,418.6,17.8089,320.5,27114,57.7,7.97287,1.5,1.77951,3,1.94365,98,17632,47,27.0596,0,0,0,0
647,900.3,45.8743,418.6,18.0259,319.7,28.5387,58.1,4.7481,1.4,1.26491,3.2,2.04396,99.3,20.5429,46.8,26.8568,0,0,0,0
648,900.7,44272,418.2,17.6245,316.4,28.6287,60,5.37484,3.2,3.32666,3.5,2.01384,99.4,19.3689,46.3,26.4745,0,0,0,0
649,901.4,41.9635,419.5,16.8474,315.9,25.8132,59,7.93025,1.7,1.25167,3.2,2.09762,102.1,16.2921,46.1,26.2401,0,0,0,0
650,902.7,41.9525,419.8,16.8378,317.3,27829,59.3,8.75658,1.5,1.90029,3.5,2.12132,101.3,18.5894,46,26234,0,0,0,0
651,904.3,41.2015,420.2,16.0056,317.4,23.1046,59.5,8.74643,1.3,1.56702,3.6,2.27058,102.3,14.9,45.6,26035,0,0,0,0
652,903.9,40.3662,419.4,16.2015,317.2,24.0638,61.1,9.36245,2.1,1.85293,4.1,2.37814,100,15.0702,45.4,25.8164,0,0,0,0
653,903.6,38.9421,419.8,16.3354,317.5,22.5253,60.6,9.25203,1.7,1.49443,4.1,2.46982,99.9,17.2849,45.1,25.6101,0,0,0,0
654,904,37.9971,420,15.1731,317,23.5372,59.5,8.12746,1.5,1.2693,4.4,2.50333,101.6,17.8151,44.7,25.7209,0,0,0,0
655,903,38.5314,419.4,16514,316.2,23.8132,60.7,8.3006,2.7,2.62679,4.2,2.69979,99.8,12.3,44.4,24.8784,0,0,0,0
656,903.8,37.85,420.3,16.7998,314.7,20.6669,60.6,6.61984,3.1,4.81779,4.2,2.4404,100.9,7.35527,44.2,24.8274,0,0,0,0
657,906.6,36.8275,422.4,16.9719,315.2,17.7313,58.8,9.51957,0.9,1.1005,4,1.82574,105.3,10.2312,43.9,24.9419,0,0,0,0
658,908,37.6858,421.8,16.0056,316.4,18.4644,58.7,7.87471,2.6,2.17051,4.4,1.3499,104.1,15.6521,43.2,23.9574,0,0,0,0
659,907.3,36.8783,423,16.5395,315,17.7514,58.6,8.40899,2.7,2.00278,4.5,1.64992,103.5,15.6365,42.9,24016,0,0,0,0
660,908.8,37.0099,423.9,16.9866,316,14.4684,56.3,6.81583,2.5,2.63523,4.8,1.81353,105.3,14.0953,42.7,24065,0,0,0,0
661,909,36.0463,424.6,16.5744,314.4,13.3683,56.5,6.98013,1.4,1.26491,4.4,1.7127,107.7,15.5781,42.7,24065,0,0,0,0
662,909.1,35.2875,425.4,15.7987,314.5,16.0503,56.6,8.28922,2.7,3.71334,4.1,1.66333,105.8,15.5478,42.4,24.0564,0,0,0,0
663,908.2,35.0454,426.7,17.3401,315,18.6488,57.3,9.38142,1,2,3.5,1.84089,104.7,14.4841,42,23.8467,0,0,0,0
664,909.6,34.1148,426.2,16.8971,314.8,18.6833,56.5,9.99166,1.7,1.82878,3.7,2.26323,106.7,13.9208,41.5,23.7077,0,0,0,0
665,910,33777,426,16207,314.8,17.0085,56,9.51023,3.8,3.9101,3.4,2.36643,106,10.1653,41,23.1805,0,0,0,0
666,910.4,35.1669,427.6,15.0938,318.9,15.2421,55.7,6.84836,3.1,2.55821,3.5,2.4608,101.6,14.1122,40.5,22.8534,0,0,0,0
667,911.2,34931,429.6,15.4862,319.9,15.9196,56,7.51295,1,0.816497,3.5,2.36878,101.2,11351,40.4,22.5694,0,0,0,0
668,912,34.6699,429.3,15.0337,320.2,15.1936,55.7,8.32733,0.9,1.1005,3.2,1.98886,102.7,13.7198,40.1,21.9365,0,0,0,0
669,909.8,33.2526,428.5,14.8717,320.5,17.7028,57.6,9.03327,1.7,2.71006,2.9,1.96921,98.6,11.0675,39.6,20887,0,0,0,0
670,910.9,32.5045,428.9,16.6363,321.9,18.2966,58.1,9.71196,1.5,1.43372,3,1.69967,97.5,11.9373,39.5,20951,0,0,0,0
671,910.9,31.1429,428.8,15824,319.1,13892,58.9,10.8161,3,3.8873,3.3,1.76698,97.8,15017,39.4,21.0196,0,0,0,0
672,911.1,30.1126,430.2,16274,318.3,13.8488,58.7,10594,2,1.88562,3.5,1.95789,98.4,17.5765,39.4,21.0196,0,0,0,0
673,911.6,30493,430.7,15.8047,319.8,12.7087,59.9,10.2572,1.1,0.994429,3.7,1.88856,96.4,19.4719,39.1,20.7174,0,0,0,0
674,911.7,30251,430.1,14.9105,319.5,14089,60,10.5935,1.5,1.08012,3.8,1.93218,96.8,18.3473,39.1,20.7174,0,0,0,0
675,911.5,28.7914,430.3,13.8086,319.2,14.8009,60.9,10.4398,1.5,1.43372,3.6,1.64655,96,14.5449,38.8,20.0876,0,0,0,0
676,912.2,29.7687,430.6,14.4776,320.6,14.6151,60.7,10056,0.8,1.31656,3.2,1.39841,96.3,14.6063,38.3,19.4082,0,0,0,0
677,914.1,29.5577,430.2,15.1716,321.8,14.0301,60.2,8.13497,2,2.58199,3.2,1.47573,96.7,15.2756,38,18.9268,0,0,0,0
678,916.4,29.1059,431,16.0208,319.8,13.8708,59.1,8.83742,1.8,2.14994,3,1.56347,101.7,17.1013,37.9,18.8588,0,0,0,0
679,918,28624,431.8,16.0541,317.8,14.1406,59.9,8.04777,2.8,5.43241,2.7,1.76698,103,16.9967,37.4,18.4824,0,0,0,0
680,918.4,28.6791,432.7,17.2372,318.6,14.1908,60.2,8.65127,0.6,0.843274,2.5,1.64992,103.8,18.9725,36.9,18.2966,0,0,0,0
681,919.9,29282,431.9,18502,316,14.8922,61.5,10.9163,2.9,4.12176,2.5,1.71594,105.1,19.1279,36.8,18.3109,0,0,0,0
682,920.4,29.7926,433.3,18.3306,313.9,17.9348,61.1,10.2356,3.1,3.14289,2,1.69967,107,19.1543,36.3,18.3063,0,0,0,0
683,922,29.1509,435,19.0555,311.9,15.7935,62.7,10.8633,2.7,4.16467,2.1,1.28668,107.6,19.4205,36,18.2392,0,0,0,0
684,922.9,28.4662,436.5,16.8474,310.6,15.5863,62.1,10.9184,3.5,6.68747,2,1.24722,108.2,17.0085,35.9,18.2053,0,0,0,0
685,923.7,29.1511,439,17.5373,311.4,14.4083,62.1,10.1264,1.2,1.54919,2,0.942809,108,15.8114,35.7,17.9261,0,0,0,0
686,924,28.2332,438.2,17.8188,310.9,14.4795,63.7,9.94485,2.2,1.93218,2,1.1547,107,13.4743,35.6,17.6522,0,0,0,0
687,924.6,28.2143,439.4,17.8089,312.1,12.7841,65.4,9.41866,1,0.471405,1.9,1.1005,104.8,14.3589,35.4,17405,0,0,0,0
688,926,27.5762,438.6,17.6711,313.9,13.0678,63.9,9.65459,1.3,1.63639,2,1.05409,106.3,14.1189,35.1,17.1493,0,0,0,0
689,926.3,27.7531,438.3,16.5062,315.6,13.0911,62,7.10243,2.1,2.84605,2.5,1.43372,105.8,13.9348,34.7,16.9053,0,0,0,0
690,928.2,28.2048,439.8,17.2614,313,14.5678,60.2,3.3928,6.3,8.05605,2.4,1.17379,106.5,16.8342,34.4,16.5274,0,0,0,0
691,927.6,27.1178,444.1,20.6476,314,13776,59.8,4.70933,1.5,1.90029,2.5,1.2693,105.7,16.3371,34.2,16518,0,0,0,0
692,931,27.1498,444,21.8632,313.2,11.2131,57.1,5.78216,5,8.29993,2.2,1.39841,109.5,18.1184,34,16.2481,0,0,0,0
693,932,27.6204,448.4,21793,314.9,12.8707,56.9,7.75242,2,2.49444,2.1,1.19722,107.7,19.4139,33.5,15.8763,0,0,0,0
694,932.2,28311,448.9,21.2574,314.7,12.0374,58.1,7.75242,1.5,1.17851,2.3,1.1595,106.7,18.0373,33.3,15628,0,0,0,0
695,932.6,28.6287,448.6,20.5167,312.2,9.12627,58.2,7.50999,2.5,6.57013,2.7,1.1595,108.4,15.8339,33,15.3043,0,0,0,0
696,934.1,28.4662,449.4,21.7266,311.3,9.49912,57.3,8.26035,2.1,2.80674,2.7,1.41814,111.3,15.3047,32.6,14.8563,0,0,0,0
697,933.4,27.1097,449.1,22.7276,312.3,9.36957,57.9,9.33869,1.8,1.47573,2.7,1.1595,109.6,16.8931,32.6,14.8563,0,0,0,0
698,932.4,25.8337,449.8,22.8998,311.6,10.4796,60.1,9.07316,2,3.05505,2.3,1.49443,106.6,12.5362,32.5,14.9388,0,0,0,0
699,931.9,22.6983,449.2,22.29,312.2,11.6314,60.8,9.01604,2.8,4.91709,2.3,2.00278,104.6,8.35597,32,14.1735,0,0,0,0
700,932.7,23.3288,450,20.4668,313,11.1355,59.8,9.30711,3,2.94392,2.2,1.75119,104.7,9.77582,32,14.1735,0,0,0,0
